query (Chinese),apec,dna病毒,g20峰会,g7峰会,g8峰会,h1n1,h3n2,m1病毒,奥司他韦,奥运会,八国集团峰会,暴恐,爆发,爆炸事件,冰灾,博鳌亚洲论坛,博览园,产能过剩,朝鲜核问题,传染病,次贷危机,次级贷款,打砸抢,地震,地质灾害,冬奥会,对华战争,发热,反恐,房地产,飞机冲出跑道,飞机坠落,感冒,感染,股价指数,关税,冠状病毒,国际会议,国际恐怖主义,海啸,黑死病,洪水灾害,呼吸器,华为,火山爆发,货币贬值,货币危机,脊髓灰质炎,劫机,金融风暴,金融危机,金砖国家峰会,金砖会议,进博会,禁韩令,经济危机,军团菌肺炎,恐怖袭击,恐怖主义,恐怖组织,联合国大会,流感病毒,流感疫苗,流感症状,流行病毒,绿博会,麻疹,贸易,贸易赤字,贸易战,孟晚舟,男篮世界杯,欧债危机,气象灾害,枪击,禽流感病毒,圈地运动,全球股灾,全球金融危机,人民币,萨德部署,萨德事件,森林大火,失业,世界杯,世界博览会,世锦赛,世园会,手足口病,死亡人数,特大暴雨,体育赛事,突变,瘟疫,袭击,限韩令,腺病毒,雪崩,雪灾,亚运会,亚洲杯,药物,乙肝病毒,疫苗接种,游行,债务,债务危机,占领华尔街,中美关系,中欧关系,中日关系,中印关系,猪流感,注射,坠机事件,自然灾害,足球世界杯
query (English),apec,DNA virus,G20 summit,G7 Summit,G8 summit,h1n1,h3n2,M1 virus,Oseltamivir,Olympic Games,G8 summit ,Violent fear,burst,Explosion,Ice disaster,Boao Forum for Asia,Expo Park,excess production capacity,North Korea nuclear issue,Infectious Diseases,subprime crisis ,Subprime loans,Smash and rob,earthquake,geologic hazard ,Winter Olympics,The war against China,fever,counter-terrorism,real estate,The plane dashed off the runway,Plane crash,cold,Infected,Stock index,tariff,coronavirus,international conference ,international terrorism,tsunami,Black Death,Flood disaster,respirator,Huawei,Volcano eruption,currency devaluation,Currency crisis,poliomyelitis,Hijacking,financial crisis ,financial crisis,BRICs Summit,BRICs Conference,Entering the Expo,Ban on Korea,economic crisis,legionaires disease ,terrorist attack,terrorism,Terrorist organizations,United Nations General Assembly,influenza virus,influenza vaccine,Flu symptoms,Epidemic virus,Green Expo,measles,Trade,trade deficit,trade war,Meng Wanzhou,Men's Basketball World Cup,European debt crisis,meteorological disaster ,Shooting,Avian influenza virus,Enclosure movement,Global stock market crash,Global financial crisis,RMB,Sade deployment,Thad incident,forest fire,Unemployment,World Cup,world 's fair,world championship,World Horticultural Exposition,Hand foot mouth disease,death toll,Torrential rain,Sports events,mutation,plague,a surprise attack,South Korea restriction order,adenovirus,avalanche,snowstorm,asian games,Asian Cup,medicine,hepatitis B virus,Vaccination,parade,debt,debt crisis ,Occupy Wall Street,Sino US relations,China EU Relations,Sino Japanese Relations,Sino Indian Relations,swine flu,injection,air crash ,natural disaster,Football World Cup
2011-Jan,10245,2292,5953,0,1714,18042,3630,0,4776,22034,310,0,6308,3066,8560,6703,531,6167,4397,9503,15982,4204,3061,276418,6311,9005,63,8747,36786,74074,63,2181,98355,13729,4022,13215,3271,4609,2029,14507,17763,1621,5392,192083,21111,2599,3646,7199,3120,7112,55456,0,0,0,0,11660,2814,14042,5999,6180,3928,6124,8880,18317,3450,4276,20488,14683,3918,0,3999,0,6304,4620,9538,2645,7965,0,2530,77283,0,0,2427,7861,46663,5792,6216,28035,31496,1389,1798,7607,5280,7591,4333,0,4939,6443,12744,58241,793717,10166,9251,4579,6084,4977,4945,0,30936,1695,24282,8221,14819,9356,1892,9432,3833
2011-Feb,7471,1680,5883,0,1502,19910,2302,0,4919,22383,185,0,5408,1962,2089,6324,641,5418,3290,9550,16972,3685,3219,109389,5561,9640,0,6501,34083,81785,122,1652,66970,16187,3158,10510,2879,5080,1635,13003,15393,1481,4934,245154,18665,2646,2413,6836,2596,6425,44908,369,0,0,0,12086,1373,13196,5104,5807,3382,5567,9515,23842,3176,3458,24065,17255,3072,0,2580,0,4346,4033,7488,2246,6749,0,2434,75433,0,0,4914,6659,35649,4785,5489,34725,25744,1219,1269,6749,4716,7555,3321,0,4376,5420,6718,36299,35695,9375,9045,5622,31973,4468,3197,0,15520,1330,18939,6211,12699,8727,1314,9664,3011
2011-Mar,11305,2538,7797,511,2192,15815,783,0,5099,31792,772,0,7009,1774,3462,10042,803,7070,5733,14573,23157,4913,3710,1045385,9134,7153,373,7458,35867,109486,0,3035,79099,14773,3979,15315,3408,7049,3176,194751,25255,3575,6253,341379,33124,3022,3546,9665,3180,7884,64130,2694,999,0,0,14772,2757,14846,7682,7035,4684,6220,8866,14961,3164,3857,42943,23803,4956,0,2839,0,6243,5579,7590,2908,10155,63,2975,85497,0,0,4413,8905,39861,6408,6707,86520,45708,3884,1754,8025,6311,10144,4972,0,5507,8414,8668,35848,19356,10995,10952,7430,19657,6041,4996,0,20354,1839,30170,8371,11900,9300,1989,25453,3877
2011-Apr,11358,2695,10477,249,2141,9431,386,0,4610,34394,1440,0,6974,2029,3430,33041,975,7552,5567,15801,22111,4928,3484,326955,9508,6408,1510,14854,37096,100335,61,2725,73666,16277,4082,14871,3396,6184,2843,33102,23741,2702,5679,328002,24506,3025,3826,8900,3713,7622,67652,6362,15156,0,0,15502,2995,13550,8681,6376,4699,5984,6825,10902,3642,4549,57450,22393,4892,0,54079,0,6872,5721,7690,4572,9728,0,2926,100862,0,0,5730,9194,40654,6447,32128,178211,79182,2585,2129,8609,5977,10703,4408,0,5664,6507,7314,34527,10073,11809,10955,7234,10563,5818,4970,0,23386,3898,26340,9465,11170,9444,2548,23828,4226
2011-May,15042,3111,7970,192,12958,8976,246,0,4436,36718,5596,0,7076,7955,3357,11379,1511,7303,7229,17325,25354,5415,3847,240373,10420,6318,1877,16341,40748,107161,64,3667,65871,14902,4856,15830,3489,6231,5744,25713,21192,3322,6059,309331,23962,3253,3879,10722,3958,8389,78970,2053,5518,0,0,19219,3869,22014,19266,17175,4888,6527,6089,9424,3900,4959,61789,23568,5314,0,5578,0,11965,5799,7821,4830,10918,0,3316,97898,0,0,4017,10398,53549,6877,21487,148873,181439,1876,3031,9474,6898,9383,5154,0,6201,6817,7840,36360,10579,12401,12187,6560,12029,6124,5589,162,40299,5343,34072,10799,11789,9968,2743,22676,4999
2011-Jun,14517,3142,5401,186,4144,8431,0,0,3931,33896,2952,0,7058,4267,3159,8721,1485,6413,7093,16074,22396,5136,3944,184608,24295,5877,1188,16707,39501,98459,0,3389,58179,17051,5045,16696,3094,5810,4843,19920,21041,8898,5765,350250,23809,2953,4908,9293,3159,8589,77220,1140,4617,0,0,17564,3271,13662,11138,7322,4141,5588,5579,7964,3512,4851,47885,21918,4971,0,5193,0,11009,4963,8262,4182,9101,0,2898,91894,0,0,3091,10567,55703,5972,7251,73906,186243,1244,5979,9236,5902,9353,4415,0,5657,6322,6332,33406,12375,11867,11038,4806,9781,6330,6382,0,37077,4030,27722,9650,11064,10946,2737,18390,5288
2011-Jul,11135,2689,4041,0,1829,9560,127,0,4118,34573,824,0,6881,2852,2639,7237,809,6462,3262,16692,18995,4459,3957,124822,14648,15987,0,16820,45767,95998,85,3568,62957,16575,3490,14249,2922,5509,2166,18756,20211,4609,8000,341401,15799,2920,3418,8088,3307,8048,64408,64,3131,0,0,13845,3689,18166,6974,7344,3228,4533,5380,8112,3359,3871,39089,21581,4249,0,4876,0,17141,3780,9308,3278,7298,0,2471,90125,0,0,2130,9684,58635,4986,32676,73947,139057,10193,4938,9043,5253,9088,4983,0,8537,8757,5509,30129,16317,11249,11469,5158,10473,7743,12865,0,21067,2252,15333,6246,10589,8741,3897,9538,5907
2011-Aug,11487,3369,4201,404,1914,10305,0,0,4322,37258,537,0,7191,2990,2885,7377,1200,6126,2941,19499,22907,4821,3138,122399,9151,8037,0,16377,45986,89246,186,3969,71018,21827,3450,13303,3098,5268,984,22448,23865,1510,9040,429415,14121,3223,3497,10629,5779,11135,111688,0,1355,0,0,25207,3280,16448,6013,7179,3091,4692,7379,8007,3606,5005,34279,21695,4092,0,5233,0,20890,3609,7961,3997,6963,1921,3654,102576,0,0,2930,9237,45228,5111,57251,63844,78152,4414,4213,7935,5499,10431,5243,0,6552,11203,5016,35699,11050,10919,12426,6157,13317,8060,16974,0,15365,2015,14632,6762,10748,8681,3691,9585,5250
2011-Sep,13008,3546,6671,5086,2395,13488,739,0,4097,39322,704,0,7400,2360,3239,7752,748,5990,4239,39896,31483,5210,2960,564825,9473,5637,127,16347,44775,89021,126,3432,81766,27328,3972,14180,3135,6398,2606,19254,32804,3805,8292,573482,17571,3016,3877,43675,4567,9764,111048,0,2431,0,0,23809,3989,17036,9779,8023,6807,5937,15180,8550,3978,5803,44100,22007,5353,0,4619,266,40873,4080,8088,5102,8835,805,3694,99523,0,0,3818,9236,52608,5576,46416,49346,76678,2924,2989,8507,5576,12687,4957,0,6206,7856,5457,29462,13466,11191,13893,5684,8035,6626,12058,6138,20741,2815,15920,9381,11519,8360,3535,11182,5352
2011-Oct,13327,3680,13686,0,2344,10768,368,0,4433,43520,1528,0,8259,1957,3557,8741,1255,6419,5149,33349,36653,5963,3461,205605,9299,6051,547,16624,48070,115457,0,4606,88619,20175,4680,18312,3448,6402,3258,20411,30304,3484,8914,573157,21334,3336,5368,29772,3957,11379,129952,241,2123,0,0,36318,3284,15088,11126,8596,5380,6027,20232,9572,4643,4723,79977,23476,5643,0,5047,185,66047,5012,8219,4671,10201,310,3811,107608,0,0,3583,10826,50627,5869,11528,59799,88741,3775,1821,8548,5886,11518,5389,0,6420,9508,6365,30278,10685,11737,13763,5812,12751,6837,12956,217722,29335,3755,20163,12249,11873,8180,5430,15450,5823
2011-Nov,44678,3008,57523,504,2996,10980,1027,0,4293,40495,2165,0,7704,18659,3488,12455,1254,8085,6023,31736,33944,6110,3374,257683,9758,6488,1896,17056,46977,123606,122,8832,93299,20122,5268,19264,3493,6505,4903,21310,24315,3277,9372,551233,24109,3289,4789,22166,3440,9739,119502,626,2538,0,0,34961,3075,14048,16164,7596,5029,6827,17786,9610,3288,5002,43040,25395,5299,0,5372,836,97174,5304,8479,4993,10070,61,3778,105062,0,0,3035,12075,60404,5389,7787,21157,141272,3526,1989,8483,6428,10606,5390,0,6503,8836,7013,29160,12217,12075,14785,5753,10285,7120,15694,65942,39282,4480,22894,15868,12115,7824,7706,17777,6616
2011-Dec,16866,3309,9758,61,2764,13562,1776,0,4595,37380,1526,64,8100,5009,4343,15320,1052,7165,6969,66229,31049,5706,3194,270986,9959,6910,419,18382,49108,103647,61,3047,118774,18925,5838,20481,3571,6183,4834,22792,23052,3070,10212,522582,24929,3262,5336,18331,3766,8675,113942,425,2960,0,0,31821,3662,15044,13813,7485,5836,7287,11661,12177,3838,4129,35754,24564,5828,0,9144,246,90048,5331,8795,5848,10080,0,3845,121927,0,0,3180,12761,42685,5748,7454,11863,99590,2816,1498,8473,6560,9736,5151,0,6866,8249,7423,29968,7561,13018,16423,5391,9077,6695,13050,40021,42305,4921,30882,12296,13427,8110,2442,16481,5724
2012-Jan,10211,2955,5154,61,1739,13640,636,0,5038,36078,476,0,6828,2316,3772,11143,363,5890,4489,164084,17651,4581,3939,103197,7566,8389,0,18473,53798,68119,0,1999,107539,16188,3320,12792,3065,4395,1601,16585,20108,1201,9056,516160,20391,2461,3665,10625,3296,6597,87316,61,1540,0,0,15000,2788,14094,5926,6644,3477,5770,7842,16578,3708,2438,32531,17238,5395,0,5808,320,47969,4469,10897,5351,7660,0,2177,91643,0,0,3554,8562,37767,4477,5744,7828,57264,2493,1957,7499,5770,10125,4843,0,6136,7942,6421,25198,6891,10619,13794,4091,7742,5703,7408,17859,18272,1975,12368,6897,12929,7999,985,7721,4839
2012-Feb,11619,3375,8682,0,2168,13599,6284,0,5865,49134,485,0,7331,3357,3770,15421,933,5751,4603,50399,20814,4811,3646,449589,8991,6012,63,20521,48017,89883,0,3154,123308,16959,3580,14825,3465,5776,3781,20690,19553,1977,9588,729001,25617,2611,3031,11933,3606,7174,94120,943,1275,0,0,15688,3768,15416,6352,6478,6605,8281,10610,23561,3612,2559,42595,26147,4738,0,6251,369,50656,4903,8357,4611,9009,0,2664,122462,0,0,6628,10289,42257,4630,6078,9026,57576,2617,2116,7727,5467,10440,5096,0,17609,9752,15525,24051,7826,11767,21434,5739,10009,6165,6788,15845,21618,3001,17147,7544,13157,8477,1029,12676,5325
2012-Mar,15666,4091,8707,118,2773,16902,2700,0,6944,57106,1901,61,8370,3100,3566,24273,1426,7370,7165,37303,27521,5715,3896,238321,11039,6416,253,23895,53219,102874,476,3178,142117,19775,4494,22088,3942,7121,3804,28760,27381,4482,10152,835176,24993,3064,3902,17036,4025,8091,106550,3881,4389,0,0,19918,4392,15236,8201,7718,5349,9413,11138,30367,4174,3161,58310,27980,6061,0,6190,0,46217,6243,11697,5502,12145,0,3147,118335,0,0,4765,12154,50484,5453,8832,10223,93736,3001,2287,8321,6448,12032,5714,0,17549,14468,6925,25782,13075,13008,24533,6422,12421,7263,6821,18465,30363,3985,23485,11636,14990,9563,2089,19104,6444
2012-Apr,15952,3889,8496,63,2273,11252,1337,0,5324,67988,2081,0,8024,3810,3190,44782,1775,7207,8534,33788,23189,5254,4466,446683,10434,5691,1406,21359,36438,93540,185,4872,84795,25974,4598,24819,3624,6496,3514,47108,22163,3980,8391,738958,25231,2907,4035,14929,3847,7805,93474,3656,4967,0,0,19678,4153,14266,7943,8271,4727,6893,7041,13884,3807,3623,60787,24710,4702,0,6442,61,42404,6050,9055,5154,11563,61,3166,120576,0,0,4678,11359,56229,5382,25263,14900,208104,3108,3318,7834,6328,10904,4974,0,7398,11173,5688,21062,12249,12149,15208,6060,14901,6363,6453,12197,33510,3823,23525,10320,11374,8359,3706,20136,6640
2012-May,20563,5140,10130,183,28015,11353,998,0,5148,89696,11017,0,8314,5051,3333,16590,1474,7779,7961,38105,26566,5857,4326,711027,12765,6112,1833,24501,34087,96539,188,3697,80167,35296,5455,19727,3662,6867,3994,24577,23347,6774,7174,720769,22399,3310,4316,14936,3889,8079,101322,1754,2596,0,0,24401,4650,15764,10143,8258,5080,7100,6230,11361,3968,3289,65065,25590,5424,0,5942,122,61174,6420,7671,5426,13052,0,3508,119137,0,0,4162,13205,77573,6845,22777,13091,449285,2575,4623,9681,7750,12146,5408,0,9164,11281,6805,25669,18526,12525,16553,6197,13461,6782,7422,15501,49043,5000,37032,10514,12119,8452,2701,22294,7732
2012-Jun,21026,6181,86737,923,7554,10740,446,0,4667,126576,3568,0,8118,4000,3131,13153,1289,7185,6890,30071,22093,5660,3995,456378,11043,5433,524,24653,33362,93262,0,3985,74962,26704,5560,18507,3458,6207,3482,19820,27970,5952,6908,690198,17989,2992,4868,13142,26268,7764,96942,1785,2805,0,0,22902,3908,15060,8314,7633,4597,6353,5671,9583,4113,3461,54788,22828,5555,0,4489,122,65525,5100,7054,4950,10091,61,3423,101536,0,0,3227,12522,393530,5472,8890,9623,331579,2644,4746,8742,7976,11723,5531,0,6545,8017,5509,23807,54899,11157,14411,6305,10398,7227,7439,9541,39642,4327,33537,9180,11336,8149,3771,14041,12261
2012-Jul,12324,4881,10272,305,3082,9936,1626,0,4717,3908396,2458,0,8156,3539,3624,11591,1393,7950,3750,25001,17509,4828,4056,683470,12669,9752,0,26803,38437,92321,0,4009,83082,26556,3776,15920,3326,5563,1970,21938,27113,11384,8838,828009,16037,3171,3804,10471,72680,7735,92232,120,1324,0,0,23778,4469,16014,6498,7363,4514,5478,5769,8600,4334,3764,51089,22530,4243,0,5655,962,45150,4512,10354,4207,10094,61,2727,97384,0,0,2665,11575,114724,5279,12239,9169,201519,8777,10440,8354,6922,12369,6530,0,6677,8522,5467,28438,23129,10675,15861,5807,20692,6236,5582,7995,20172,3528,38888,7604,11480,8706,4227,12326,6615
2012-Aug,12860,6027,6949,232,2773,9168,810,0,4757,6761702,1960,0,8297,3957,3443,10988,1291,8489,3474,27597,17600,4716,4691,235789,15154,17324,0,23097,33900,85534,185,3762,90737,21136,4150,16476,3154,5125,1696,29148,27169,5952,8091,956815,18902,3245,3290,10642,8510,7663,92406,299,944,0,0,23162,4450,16528,5757,7290,4537,5698,7483,7268,4689,5621,49347,21505,4395,0,4955,1031,41285,4675,13188,4335,9529,0,2720,105764,0,0,2887,11346,60148,5450,24611,9017,98347,4923,6802,8359,6355,15025,7339,0,6947,8046,5364,39223,13977,10572,21302,5883,155022,6196,5122,7203,22786,2924,46368,7189,10201,8296,3463,12410,6615
2012-Sep,56980,5393,6926,239,2776,9208,1714,0,4494,103785,2026,0,8696,3427,3325,10786,1179,8516,4371,22186,26177,5234,33619,476739,16469,5803,61,19536,26110,75880,0,3771,97002,19192,4198,20363,8053,6108,1566,21623,26760,3158,7199,1010571,19081,3136,3524,12077,5796,7377,75312,228,835,0,0,22559,4313,15156,7174,7185,17831,6076,14116,8022,4493,4856,44223,20618,6369,0,5511,261,45656,4506,7887,4926,10134,0,2756,95038,0,0,3916,10637,39549,4946,5869,8020,93852,2844,3493,6338,6027,10486,5835,0,7556,7937,4902,18194,19735,10721,22713,5556,426676,6192,5304,10765,31818,4049,150474,8506,9559,7481,3298,13344,4666
2012-Oct,15135,4557,6447,430,3076,9167,1005,0,4524,67037,1007,0,8713,5184,3551,12371,1586,8281,5002,23929,27128,5675,6098,171502,7755,6197,775,19546,26014,77339,63,3257,103648,19901,4561,20420,10693,6231,2882,26747,27288,3235,6236,1206259,20918,3414,4491,11736,5604,7134,68624,357,707,0,0,21106,3636,15170,8179,7960,7936,6551,26285,8020,4696,3784,42084,22130,5634,0,5356,0,47564,5172,7065,4985,11595,61,2936,97370,0,0,3671,11788,45410,5087,5574,8900,95658,3682,3189,6714,6612,13155,5843,0,7540,9062,5949,17048,14555,10967,25440,5675,17011,6751,5604,8856,25798,5210,71863,8721,9439,7933,3696,13168,4999
2012-Nov,14606,4109,9384,175,3180,9094,869,0,4546,104784,1308,0,8485,3254,4008,15344,2014,7684,5122,26525,28412,6515,4113,299323,7873,6171,577,18336,21326,80844,0,3820,101655,18623,5289,18263,4461,6369,4331,21372,25142,3196,5578,1435624,20714,3147,4112,12755,4694,7243,71418,951,832,0,0,21570,4184,14286,8399,7468,6033,6598,20852,7178,4313,4523,41515,21550,5396,0,4766,126,49836,5037,4636,4968,11085,61,3049,97456,0,0,3310,12204,37949,5205,4866,7399,93639,2947,3043,5944,6322,11814,5926,0,7059,8754,9478,13720,8382,9949,17679,5443,9335,6767,5884,8401,31705,4312,58770,9396,7890,7115,3021,15199,4744
2012-Dec,14740,3893,6956,232,3273,9667,1205,0,4810,97589,1788,0,8619,3023,4340,14268,1625,8490,5859,28683,24702,5720,4255,362015,8084,7508,716,20347,20570,74127,290,5390,125128,29379,5242,19042,4297,5780,4330,30397,25393,3271,5627,1011583,45940,3081,4660,14921,5470,6954,73564,831,1730,0,0,21783,4200,14664,8976,7176,5617,9007,13312,9042,5155,3871,39779,19261,6043,0,4549,122,53241,5316,8909,5005,11380,0,3028,90294,0,0,3296,12737,39728,5083,4978,7078,83851,2649,2746,5381,7096,15123,5861,0,6804,10625,10445,11401,8276,9510,16567,5279,9074,6425,5918,7576,39239,4533,59005,10140,8692,7545,3778,16532,4826
2013-Jan,13471,4262,5340,0,2749,40065,9363,0,7259,84733,1778,0,8514,3101,3984,14618,1335,9049,4553,22023,17361,5184,3814,282585,7121,7008,61,23099,22017,65697,188,3261,145498,18989,4379,17112,3482,5502,3271,18994,22029,2492,5484,1148216,15941,3467,4322,12119,4538,6375,47542,904,1260,0,0,14711,4256,14598,6455,6631,4663,10520,23374,40768,4775,1939,42026,18336,6121,0,134708,64,29882,5014,5980,5009,10566,0,2725,95024,0,0,3066,11739,37677,4792,4398,7313,63305,2686,3048,4999,7631,15195,5726,0,11151,9282,6823,11542,11565,9227,15959,5675,8265,6464,5207,6104,21719,3314,68077,7194,11817,7383,2372,9635,4593
2013-Feb,9904,3534,8133,235,1557,9028,1987,0,5122,70486,1471,0,6753,5655,2352,12493,616,5689,8401,18144,13336,3899,3269,513646,5523,8227,0,16187,24296,61011,61,2637,88949,17040,2497,11691,5007,3859,775,19288,19387,2225,4437,947934,12213,4151,2971,9669,5695,5452,35770,788,424,0,0,11428,3346,13998,5094,6018,3803,5584,8398,12172,4082,1695,40705,16258,3434,0,14574,61,16088,3893,4434,4220,8602,61,2366,96472,0,0,4706,8005,34475,3928,3874,7946,46926,2783,3142,4427,5800,12023,5000,0,6806,8264,5183,9471,20864,7403,14605,5056,6400,5230,3751,5266,13372,2346,39384,5052,6904,6775,1812,8668,4240
2013-Mar,15492,4125,8761,171,3657,12392,2381,0,5534,74837,2421,0,9222,4861,3388,28153,1976,10326,11027,24943,26348,5774,4054,283704,8170,7629,427,22042,21084,101376,61,4034,113378,19869,4457,18212,5813,6815,2236,24259,34863,4039,6122,1183015,18495,4023,4190,12957,4989,7247,69604,8173,8058,0,0,18210,4386,16648,7436,7444,5699,7408,9446,13249,4595,3196,72427,24585,5566,0,11405,61,28494,5826,5200,6003,14247,0,2958,116673,0,0,4957,12501,61183,5139,6618,11201,86737,2860,3948,6012,7193,12555,5755,0,8190,9101,5518,12493,57719,10138,17050,5975,7730,7399,5132,6846,24187,4532,54816,6860,12223,12002,2467,15529,5880
2013-Apr,16586,4439,8201,299,3677,109513,9171,0,22965,66378,3562,479,8987,4546,3872,159719,1486,8721,12606,43010,23799,5596,3958,2497678,9895,5952,1108,31826,22007,74579,372,5308,126523,19073,4404,17722,5283,6279,2761,33655,49318,4280,6087,1051204,22367,3723,4337,13139,4783,7073,66160,4622,5369,0,0,18707,4480,30896,10787,9729,5028,24700,12045,67536,6475,3570,66539,23043,4975,0,14571,430,26960,5831,6580,27895,13835,0,2871,118217,0,0,4040,11894,52041,5222,23421,13974,163667,7278,3995,5564,6942,30449,5987,0,7984,8744,6534,12487,20364,9715,17380,5654,9073,7590,5405,6736,36094,4472,47912,8796,42813,9007,4956,18389,5583
2013-May,20354,4516,6426,834,3190,17968,4241,0,7220,62699,2939,68,8841,3463,3307,20241,1449,10464,12123,29740,22971,5782,4089,481068,11426,6280,1142,22461,20050,80108,0,5448,75698,17813,4845,19404,10732,6609,3461,27785,31334,5105,5916,891327,20034,3443,4226,14026,5290,7265,62270,3049,4158,0,0,20274,4628,19752,10714,8910,5711,8835,6599,16785,4496,3838,72007,23631,5301,0,11908,451,24107,6175,5216,7384,14719,63,2845,108952,0,0,3611,13046,64236,5810,24870,15212,222607,3435,5512,6321,7283,14428,5932,0,9212,9009,5836,13372,20017,10103,16196,5957,23498,7752,5697,7323,46322,5081,57651,13821,11859,9018,3154,19928,6512
2013-Jun,22008,4265,11547,433,83197,9677,1596,0,5215,55583,11321,279,8696,4996,2765,16435,1537,11383,10071,25071,27362,5827,3594,295927,8691,5855,333,22654,19561,78678,982,5327,64494,17638,5327,18567,6002,6091,2815,19990,24488,3597,6032,1028542,16927,3139,4646,14184,4298,8812,95354,2569,3680,0,0,30729,4017,21630,9215,8226,4599,6775,6251,10006,4052,3202,59540,21563,5448,0,8896,1087,19483,5260,5214,5294,13633,131,2534,96066,0,0,3357,13840,119076,5059,6154,13263,294741,3616,5264,6570,6580,11285,6127,0,9252,8115,5212,13340,29542,9926,15429,6458,8783,7193,6732,7211,44876,4734,52996,9522,6241,8819,2729,13106,7991
2013-Jul,16648,4782,8528,57,5777,12172,246,0,5281,43443,2613,1277,8196,3247,2254,12818,1039,12688,4949,23777,18707,4969,3442,587673,8419,6183,0,25098,21211,81516,904,6184,81337,16545,4136,16579,8221,5571,984,25246,27204,4487,6222,1052905,18638,5739,4476,12258,4700,7320,62640,1482,2136,0,0,22944,4440,18170,6808,8059,4201,5742,6236,9784,3957,2740,55618,19807,4030,0,9324,4063,12367,4748,4937,4706,9895,234,3336,96484,0,0,2330,11861,68451,4751,26051,12783,253485,3329,8731,6249,5911,11811,6313,0,10125,8392,5063,16322,38727,8848,17970,5509,11329,6960,4788,7535,16475,3590,33082,5885,5966,7989,8441,10776,6188
2013-Aug,18148,4906,14565,0,4953,9435,480,0,5295,47326,2347,372,8001,1254,2105,13063,819,13585,3668,18861,15905,4782,3079,290057,6927,6810,57,23952,18712,72786,1004,4225,101084,16780,3726,16681,6967,5136,861,32126,26704,4356,5974,1093219,17357,5836,2764,12109,4702,7121,52040,486,826,0,0,15639,4486,19364,5808,7445,4482,5641,7492,11277,4089,4104,55096,19026,4053,0,9621,7866,10185,4573,4883,4798,9426,706,3508,94544,0,0,3404,10606,54456,4703,79602,12903,151697,2608,5970,6832,5748,13495,6207,0,10444,8007,5246,23750,26255,8689,16795,5447,8049,7353,4519,7770,12656,2332,31505,5690,6636,8656,3893,10696,6023
2013-Sep,20420,5600,101960,791,8470,8670,602,0,5049,78959,1789,178,9449,2923,2522,13645,900,9356,4768,19539,21923,5148,2859,282871,6227,7977,366,23163,15877,69465,722,2834,107678,14887,4003,17151,6854,6144,828,35107,26231,1861,6231,1117197,14824,5823,3318,13465,4118,6986,59072,1290,1823,0,0,18402,4267,19100,8129,8595,7845,6583,14175,11093,3678,4979,51753,19466,5516,0,10252,4570,12513,4580,5044,5107,10258,286,4161,97559,0,0,3494,10616,57375,5137,8283,12587,146227,2503,3889,6175,5558,11995,7674,0,12462,7921,5443,21691,21974,9866,15454,5426,8892,8087,4648,8622,13779,2425,35777,6044,6573,7777,2499,10898,5860
2013-Oct,110529,4947,10121,61,4419,9338,1422,0,5162,50854,429,297,10463,1994,2536,14665,1193,23428,5703,23044,23763,5635,3479,441428,6776,8812,1618,23765,15657,78968,122,2944,124667,16158,4401,18022,7269,6253,1830,29718,27894,2379,7306,978220,15875,5767,3999,12831,4418,7020,59204,1720,3689,0,0,17671,3728,23752,8350,8026,6120,7123,27951,12118,4039,4451,45923,22360,5373,0,8305,3483,15111,5649,5562,5467,12052,461,4428,108024,0,0,4122,11466,69149,5204,7175,14014,118782,2449,3661,7604,5950,12722,7927,0,10902,8332,5807,16889,50202,9666,16446,5073,8643,9489,6958,7668,20701,3448,41939,7850,8593,7759,2685,14348,5997
2013-Nov,22132,4580,7556,236,4186,10123,1394,0,4889,42295,732,1090,9659,4055,2668,13813,789,17653,5663,24340,22751,6382,3050,743249,7174,18030,1510,19853,14860,74964,63,2963,118929,16209,4570,17628,7260,5932,4036,35642,26169,2534,6962,897145,21948,5398,4139,14779,4144,6289,53924,1517,2251,0,0,17002,3936,29382,10556,14952,5395,7125,23443,10408,5569,4052,39591,21176,4912,0,7566,3205,15506,5218,4890,4803,11794,232,4139,116810,0,0,2979,11649,117595,5093,6027,9438,100246,3244,3121,6056,5711,13058,8016,0,7905,8730,6428,12682,112242,9754,16211,5045,9155,7376,4906,6573,26589,4102,57666,7683,7990,7029,2482,14184,6538
2013-Dec,29604,4623,8281,236,4117,15809,3315,0,6845,39920,1809,1310,10664,2847,3128,14223,869,12810,7535,23992,21640,5769,3007,291020,7088,16493,943,23582,13804,72330,118,3594,155185,17870,4707,20721,7269,5850,3607,23700,25819,3484,6599,1649312,17519,5544,4690,15841,4553,6902,59988,2199,2841,0,0,18835,4018,18634,10026,9628,5067,10160,16705,12909,5966,3419,40586,20433,5923,0,8983,3494,15622,6507,4968,6691,11828,0,4547,113138,0,0,3230,12811,552562,4862,5518,9998,94576,2288,3259,6364,6252,17380,8135,0,8640,9048,6212,10966,18118,10635,17635,6070,10204,8500,5275,7108,36087,4901,62322,9055,10288,7798,3195,12966,6730
2014-Jan,25373,4883,5798,0,4445,30806,4503,0,13976,33384,979,1809,10465,2522,2628,13238,624,10289,4649,18902,15346,4848,2602,156208,5895,38507,177,26590,16709,60737,377,2487,163688,15719,3286,16148,6903,4683,1332,18952,24989,904,5203,1764048,16282,5405,3512,11478,4033,6328,41302,1179,1226,0,0,13346,4091,17252,7479,8962,4496,11547,13612,22979,5143,1600,58936,17189,5013,0,15547,6189,10108,5021,5009,8382,10111,0,3357,114813,0,0,3757,10707,66328,4333,4683,10547,67442,2207,2442,6588,5897,17112,8961,0,9108,9107,4765,11336,19827,9192,17108,4488,9140,8260,4541,5771,15942,3087,54312,5721,12821,8484,1043,8126,5155
2014-Feb,27398,4425,6920,114,3544,25544,2301,0,9349,69582,1148,1539,9029,1813,2433,16428,294,9315,4013,18041,16801,4570,2938,156922,5424,4078092,0,18404,14382,92662,595,2494,95234,16622,2561,14006,5510,4336,1116,20682,27158,1007,4937,1702053,20967,6718,2897,10880,5669,6448,44536,991,707,0,0,13625,3383,16728,5450,7311,4004,7200,9266,13242,4516,2537,47704,18215,3667,0,12939,7412,8146,4804,4947,6825,9303,0,3127,123833,0,0,4892,9425,85683,4237,6292,13775,60200,1847,2908,9557,5670,16278,7409,0,8937,7984,6957,15138,18922,9199,16404,4622,7824,6723,3772,5758,14399,2655,43224,4739,9184,7777,1900,9107,5651
2014-Mar,32745,5325,13276,4173,45257,12814,2436,0,8073,43429,19620,17056,10876,4799,2389,24667,503,12977,4820,19844,23231,5816,4664,206560,7213,152444,487,22873,29378,99287,1462,16085,124786,41409,4207,19090,7139,6367,3268,36835,30841,3260,6506,2067032,20710,7683,4251,14051,50645,6613,51006,1752,1626,0,0,16080,4095,113468,26593,30049,7569,7816,9065,12234,4905,3334,101480,23035,5399,0,20783,4444,12350,6254,5955,5784,13689,58,4256,152700,0,0,4515,12764,150339,5048,9091,30575,254745,3461,3718,10316,6976,17375,11130,124,11125,8079,4928,13489,94091,10938,18647,5482,11475,8365,4933,7259,20846,4278,37153,5844,8291,9285,16097,12989,6980
2014-Apr,33716,5476,7128,1602,6039,10325,2335,0,6818,41651,2294,4305,10648,1858,2382,66891,1198,12056,5008,23594,20573,5998,3646,392022,8736,34559,1091,21046,18685,87012,479,4046,97641,47286,4271,18895,8477,5977,2202,44381,32945,2709,6858,2077024,21916,6640,3967,13808,24668,6279,48950,2015,727,0,0,16834,4060,20850,10450,9965,5094,7362,7873,9100,5070,3780,97775,20459,4734,0,21396,4897,11089,6629,5503,5322,13462,0,4388,129735,0,0,4382,11851,253917,5349,25143,61111,491657,2544,4231,7049,6290,15074,7307,0,13026,12835,4901,23456,18123,10256,18537,5291,10154,8533,4736,6857,29904,4929,44226,6944,7467,8951,4513,14130,8512
2014-May,47960,5830,7203,1308,5162,10106,1472,0,6597,50567,2032,17187,10584,4132,2324,17942,954,11752,5190,24639,22506,5977,4201,199669,9564,23435,2025,24021,34196,105660,354,3686,95641,37744,4278,19723,11020,6397,3140,35542,40434,3682,7332,2091410,26560,6685,4324,15993,10616,7231,59204,3083,1459,0,0,19323,4347,49162,17857,22951,5347,7720,7016,7890,5456,3537,95991,22262,4710,0,23628,7352,12043,7343,5839,5351,13255,0,4470,124963,0,0,4677,13300,1010868,5704,19779,48285,716542,2848,6975,8360,6771,16537,8588,0,13398,8816,5050,28870,47270,11029,19474,5914,9228,8943,5192,6437,38298,5101,45854,8096,7028,10312,3501,15299,36494
2014-Jun,35700,5230,7280,108604,11701,8863,1482,0,6375,57670,2827,12288,10469,3178,1764,13078,423,10299,4881,23902,19357,5680,3031,113419,8131,18609,704,24973,28943,86933,1425,3004,89236,38625,4421,18445,8188,6158,2989,31980,30855,3079,7682,1754501,19667,6083,4296,13525,6623,6773,46370,3548,1691,0,0,16363,4106,30084,17998,19110,4731,7152,6143,6544,5219,3259,78314,20982,5148,0,24245,14760,10487,6305,5620,4545,11284,0,3955,111855,0,0,3160,13141,61798755,6101,9222,34094,525511,2420,6604,8910,6325,17512,7616,0,9834,7812,4317,21698,43749,10493,18417,5578,7628,7913,4965,6265,33706,5413,45786,8307,6491,9384,2972,12553,158713
2014-Jul,34944,5293,6282,2956,4008,12117,1780,0,6442,55907,788,9405,10345,2664,1503,12181,779,8920,3986,24816,14950,4891,3071,256254,7370,22167,0,24920,22356,79176,473,6297,96585,38601,3981,16920,7716,5919,911,30789,68294,3243,8796,2049991,19620,5372,3038,13051,6459,7124,37122,6347,5535,0,0,12795,4212,24678,8460,13178,4660,6638,6541,6067,5467,3531,66457,19778,4167,0,27428,46378,8422,6438,5690,4268,8716,60,3503,109644,0,0,2578,12041,31957504,5332,10444,33809,318735,2600,6828,7263,5995,21620,8400,0,9003,8435,4064,42476,72954,10241,18727,6485,11920,7933,4746,6787,18222,3463,42219,5843,6600,10454,6922,10152,41968
2014-Aug,76044,6818,5753,2670,3374,10589,872,0,5876,58300,582,12540,9397,4429,1869,12989,1393,8929,3052,34013,15998,4668,3240,556242,7079,21919,0,24862,23662,82831,768,4629,115453,43811,2998,17983,7517,5632,729,34323,54210,2578,8603,2065948,28431,5300,2549,14977,5457,6970,38052,1718,2788,0,0,13418,3945,23342,8797,20924,4828,6943,8212,5430,7713,4329,48384,18300,3914,0,29241,170141,7747,4748,6013,4479,9559,57,3743,115418,0,0,2867,11014,522285,5482,20084,42126,115958,3884,5220,6940,6075,29775,7090,0,10234,8785,4668,52876,23834,10186,20862,6810,11771,6908,4687,8614,16441,2800,31430,5296,7640,10836,5342,10802,14631
2014-Sep,55643,6973,6649,2420,2962,8862,606,0,5916,61624,185,7436,10217,3059,2374,13213,1109,9704,4059,28511,20571,5242,2791,185707,6959,16253,0,23771,18173,85464,60,2722,129386,26564,4214,22189,7255,6914,1992,30412,39675,2739,7405,2315794,31511,5834,2545,14473,5763,7632,48068,1888,1708,0,0,16071,4204,20024,9244,14943,8015,6930,16161,5462,5420,5030,45341,18446,5503,0,30949,587377,9471,4863,6030,4936,9955,0,3971,129987,0,0,3326,10998,251304,5536,35475,35466,182292,2658,6200,7816,5616,20086,7405,0,13725,8637,4422,1483116,30402,9803,19032,6826,10552,7382,4240,8751,16299,2878,33576,8592,7066,9269,2583,11534,13795
2014-Oct,940930,6929,11798,1602,4091,9988,624,71293,6239,62096,551,6445,10940,2168,2092,18204,879,9891,5035,34184,25972,6393,2691,310683,6935,30058,728,23959,16894,92031,61,3228,124061,25948,4269,21516,7668,8607,2846,30005,70299,2073,7335,2526064,31694,7288,4092,13863,5333,8011,54900,1762,2178,0,0,19417,3998,18596,11613,13105,6335,7470,28601,6029,6337,4936,51459,19485,5414,0,28707,19688,12008,6031,5774,5641,12401,61,4478,133492,0,0,2988,12079,162974,5942,36615,33612,208571,2490,3699,8339,5671,21273,7075,0,10228,10570,4945,495872,22605,10193,20372,6533,8780,7895,4746,38891,22279,3814,36001,7646,9192,8845,2309,14502,13434
2014-Nov,3104316,5863,146226,2680,6657,9483,2178,10799,6429,47643,1631,5807,9873,2337,2251,25007,1003,11250,5237,26563,23976,6432,3255,519815,7339,21469,1952,20674,17578,83110,555,4359,131972,30434,4594,25690,10142,8873,4213,30486,72701,2313,7302,2410153,31655,8146,4013,16741,5079,7749,64334,2241,3245,0,0,20443,3539,20876,12627,13039,5821,8557,21973,8203,4856,5970,42232,19106,5645,0,27900,7046,12170,5458,5277,5459,11989,0,4550,162132,0,0,3080,13582,77789,5481,5806,8775,145191,2451,3369,7690,6457,17911,6875,0,8603,8645,5192,23343,27643,10306,19860,6125,7200,7438,4767,12953,31027,4113,52283,7450,8266,8423,2863,15416,11146
2014-Dec,116612,5222,21569,2149,3889,11972,11047,6463,10445,45598,316,6151,10285,1776,3324,19897,499,12310,5814,27296,22891,5943,3051,173788,7641,19808,2205,25171,20337,106852,770,4162,189431,24020,5366,24217,10462,6999,4427,33359,76251,2314,7617,2747536,28229,18530,4768,18000,6076,8373,83332,1969,2825,0,0,23913,4083,28132,14191,14562,5409,13212,19373,22086,4954,2452,44377,18861,5885,0,25543,6679,13272,5439,5902,5488,12855,0,4621,211154,0,0,3716,17589,80599,5015,5983,7352,108219,2470,3011,7199,6386,16955,7004,0,9115,9560,6013,14713,90451,10553,20789,5880,7363,7564,5204,9036,34194,5393,46041,8452,10107,8552,3279,16277,10326
2015-Jan,61953,5132,10909,2504,3499,14274,10853,5654,11714,43679,61,5818,10466,2711,2992,21894,580,11149,4562,23026,20730,5776,3037,293134,7283,23400,313,26541,24680,103303,1038,3777,174205,23123,4846,21327,7902,6159,3199,28697,51597,1553,7373,2855026,32094,10262,3974,17538,6327,7618,74058,1110,963,0,0,21482,3682,43002,12260,21791,4975,10445,16166,15029,5893,2270,175081,17298,6333,0,35139,6637,12500,5546,6244,5910,11137,224,4370,210686,66,0,4072,19998,128449,4800,5494,7910,75615,6468,3813,7058,6749,15921,7162,122,9071,10222,6259,19398,5392311,10767,19520,5764,7731,7353,5012,6098,22696,3417,36500,5996,10030,8433,4400,14538,11016
2015-Feb,39525,4413,8418,688,2301,11612,16679,3846,10777,32123,0,4905,7573,1880,1903,19833,437,7709,2849,15956,12636,4170,2618,177482,4986,21502,0,19938,22683,77926,188,4599,123760,21728,2704,14135,6454,4094,821,24970,51770,509,5823,2150457,20827,7790,1410,13893,5062,7009,60058,913,246,0,0,14669,3404,23512,8544,23616,4139,6632,9663,14464,3961,1854,111095,12891,3308,0,17736,5818,7713,4296,4974,4795,7794,0,3504,182990,0,0,3866,15172,63865,4099,5186,6394,56521,2763,2950,5588,5371,14042,5555,61,15045,11016,4438,11262,231361,7789,16118,4405,6528,5853,4093,5276,10800,1788,19300,4415,7944,7553,4761,8898,8285
2015-Mar,62206,5039,29591,5709,4291,15882,6946,4341,12170,47153,246,6177,9619,2116,1175,261894,1286,13713,4246,23827,24781,6446,3653,281970,7713,38373,184,23910,22989,128315,7235,6329,132173,25865,5319,21975,8064,7611,3517,33858,54093,3193,8623,2803909,30868,8084,3963,16591,5526,8203,72606,2210,830,0,0,19272,4560,25150,10749,18612,5439,8291,10426,15296,4228,4066,119510,22160,5667,0,26667,7011,12641,5869,6179,5435,12931,0,4584,187311,242,0,5597,19135,76126,5426,7839,10514,87504,2854,3625,8011,6879,14405,7117,0,10541,10515,4761,12474,52565,11418,21411,6421,8385,8082,5045,6485,14550,3229,28611,6101,8431,8376,7691,17559,11014
2015-Apr,52451,5228,21139,5181,3451,14015,2899,3858,8937,49499,377,6253,9857,2676,1702,54891,1534,12334,4902,24570,23155,6319,3638,521872,8214,25834,1069,24320,20231,110073,1718,4133,123359,22845,5292,23396,8461,6950,6250,37839,44464,4024,10046,2589941,40383,7300,3322,16261,5268,9241,72704,2044,1203,0,0,19809,4338,23300,13817,18482,5289,7904,8640,10490,3418,4324,126174,19501,4979,0,31810,5762,11126,6089,5193,5289,13954,61,4489,171923,0,0,4811,17431,76551,5695,27848,12595,199063,2940,4790,8492,7347,14163,6559,0,9446,21086,4532,12257,36435,10157,26411,6741,9584,7852,4945,6909,23267,3814,33655,7212,7907,8813,4706,18800,11574
2015-May,52042,6204,22373,3788,3813,12434,2670,4227,8782,52009,372,5336,10505,1819,1901,29794,1329,12125,5490,29832,22492,6533,3741,393048,9646,28205,2563,26413,23406,97383,36623,3860,97094,24353,5250,40386,13380,6854,7417,42928,49813,4665,14046,2592461,42432,7121,3938,17872,4811,9135,75442,2704,1820,0,182,23925,5183,24474,18839,24107,5878,8924,7665,9785,4107,5162,131662,19944,5157,0,30723,7160,12878,7005,13279,5814,14579,304,4622,163688,0,0,4248,16613,101401,6675,16969,12144,340710,3615,8225,9143,6973,16330,6542,61,9459,11603,4785,14827,25659,10742,27091,6253,9807,9253,4860,6620,52717,4581,49050,10793,8501,9035,3358,20557,12988
2015-Jun,49650,6251,23361,38786,7059,16151,3785,3450,10557,50231,1694,5849,10439,2760,1873,23834,1073,11246,5422,37381,21552,6416,3120,321938,9616,42497,732,30029,22228,99086,4888,4367,99888,25729,5155,46728,20589,6402,8782,50548,47925,4408,22664,2661080,34050,7532,4049,15545,5040,9287,76484,2686,1148,0,0,23792,4600,32500,18667,19484,5140,10180,8511,17216,5368,5537,88580,19885,5650,0,28663,9138,13232,6076,10151,6590,12591,531,4522,188269,0,0,3461,18555,193052,5945,9383,10255,359333,3787,10465,8992,6828,18781,6318,61,8933,10311,4582,16186,41770,11387,20814,5885,11077,11224,5631,6788,36648,4435,55708,8527,9719,9486,3556,19235,10354
2015-Jul,44611,5844,25351,4372,4129,10914,2204,3638,9514,90424,61,13808,10317,4974,1505,21082,1331,10579,5644,23145,24746,6355,3847,179406,7458,390601,487,30450,24982,98212,3201,4856,107607,24789,4525,34119,10843,6353,4634,52018,45028,3465,19953,3234418,34207,8236,4124,14778,5861,13322,146370,4896,4811,0,0,34098,5106,34926,10838,25803,5617,7836,7551,12537,3814,9279,64818,19881,5823,0,34598,11972,15401,5013,9358,5671,9044,3159,5759,209175,0,61,4112,16953,122642,5730,19735,12135,251412,2981,15399,8800,6454,17525,6551,0,8969,10298,4466,16429,39177,10747,23110,6564,20925,11455,8003,6461,23539,3766,46890,6277,7650,9871,3310,15401,8189
2015-Aug,43637,5527,24241,2884,3905,10660,1257,3184,8404,99541,0,6300,9668,11509,1691,19405,1066,10983,5083,20661,19032,5632,3897,203095,7136,197798,0,26884,26162,101324,3332,4234,118885,22266,3532,31005,10098,5869,1674,46202,41521,3248,27669,3115257,33897,31786,3542,14259,6328,10142,132342,1811,456,0,0,37260,6285,35082,7927,19394,5542,6819,9007,10354,3704,20412,56186,18698,4055,0,32204,834314,8524,4592,7296,6403,8959,2024340,10465,507897,0,0,3431,15777,96682,5436,409643,11462,166904,8446,11232,10532,6603,16858,6765,0,7852,10198,4596,47875,41255,10176,21297,6904,12184,12615,5309,6197,20360,2978,39557,5205,8552,9543,2824,14089,8697
2015-Sep,43172,6762,24598,3211,4253,10469,945,3375,7720,59224,243,5711,9540,4727,1562,20114,1004,11030,6329,19843,22399,6360,3024,161797,6165,41420,192,22008,22711,88137,2169,3051,123942,23231,3903,27638,9790,6551,2526,44360,36295,1651,21797,2605289,27778,8834,3589,14266,4635,6909,79666,2150,363,0,0,35517,4776,25682,9193,19754,16657,7532,16466,9254,2775,12557,43057,18022,5679,0,36870,18042,9367,4607,6744,6705,11216,16824,5393,227714,0,0,3915,16794,86920,5150,42843,9858,128596,2191,5725,8173,6299,13098,6661,0,8883,9008,4469,66890,22744,10543,19491,6376,9605,11008,4884,6306,36407,3160,42694,6399,10536,8551,1919,13656,8282
2015-Oct,42227,7329,20439,2730,3952,10048,860,3333,8275,61399,61,5915,9575,5681,2379,21196,1414,11967,5468,20741,26476,7975,3438,140201,7079,36603,557,20928,24214,90146,1709,4075,117955,23668,3880,28692,10409,6688,3610,39770,44016,1889,17697,2289584,28754,8635,3902,13262,4549,6890,74866,2263,1345,0,0,31125,4428,24846,11426,25679,9091,7592,30351,9387,3320,9802,42592,18644,5604,0,43958,15182,11202,5682,6346,8084,12844,3675,4752,218975,0,0,4164,18192,76943,5334,21025,11283,126517,3122,5531,8878,6702,15798,7085,0,9927,11000,4999,24901,27876,10407,20491,6420,8445,10710,5261,6380,34228,4288,35303,6658,8555,8372,2916,16934,8101
2015-Nov,108483,6106,141474,3449,5169,10301,809,2711,7544,52451,833,7812,10361,4087,3516,24141,1438,13800,5407,21336,25348,7545,3048,179230,7674,38941,1196,20678,60918,90650,1120,3821,117172,21535,4156,27452,11296,7426,4652,36519,39562,2621,16769,2220243,31782,8180,4109,13785,4916,6732,69560,2474,2491,0,0,28413,4764,122690,34093,53536,6553,7860,21703,10075,2983,4409,39210,19061,5478,0,42448,6337,11682,6343,6569,7507,11938,2572,4602,347781,0,0,3559,22525,94209,5109,9601,7539,110009,2525,4902,8400,6665,14773,9881,0,9572,12705,8442,18897,26721,11107,18539,5704,8059,11373,5256,6469,37466,4846,33332,6416,8037,8011,4559,17171,8074
2015-Dec,50242,5761,59864,4010,3911,20770,1417,3021,9644,55303,65,7088,11010,3712,3252,27132,1181,19197,6773,24626,28145,7148,2866,158690,8695,41340,1196,23203,43949,107481,1475,4093,151967,23795,4452,30123,12994,8054,6618,38620,43360,3635,15735,2212873,35476,10428,4368,15765,4642,8219,79408,2907,2118,0,0,32165,4861,70564,27914,34436,6212,8945,15895,18765,3234,3258,39725,18835,6223,0,49742,6432,12933,6417,8088,8054,12213,1804,4854,349956,0,0,3702,20937,84563,5482,7749,8706,105971,3025,4406,7978,7264,15162,8630,0,9739,11508,9699,18557,14145,11387,19657,6350,9008,10097,5728,6653,39777,4983,38934,6941,9624,8464,3474,21006,7807
2016-Jan,35182,6118,47794,4505,3276,30302,3410,2653,16813,56784,60,5093,10613,3177,4490,24880,753,19434,11338,22268,26307,7045,2528,325079,6987,42810,0,24106,26286,81206,1184,3420,159587,22332,3412,23456,12003,5926,3450,32569,44834,2981,12698,2107545,31877,11252,4070,13647,4543,8287,83506,1930,685,0,0,34029,4654,39560,12227,18651,5182,11161,13756,30055,3840,1694,43262,16829,6205,0,41621,6685,8921,6325,5691,7913,10826,2789,6060,336779,0,0,3882,18748,63554,4984,6752,9217,81929,2596,4694,7013,6886,15347,7324,0,13476,12459,11038,17156,21228,10363,18450,9635,7245,9742,4939,6354,20639,2392,27898,5236,12917,8237,2325,14318,6446
2016-Feb,25690,5282,86479,3775,3000,29343,3846,2361,23294,53137,122,4468,7985,3396,1800,33727,315,14582,13286,19583,24838,6065,2558,252415,4948,36511,187,20525,18372,97481,438,2305,123739,20102,1191,17432,9126,4394,830,33718,40994,1937,11890,2044283,30644,7654,2569,11236,4327,6492,68726,926,304,0,0,29212,4260,25952,7701,17686,4538,10601,10851,28070,4718,2402,50999,17624,3679,0,28755,5713,7325,5154,5137,5585,9145,1626,6197,189173,1476,696,4424,15487,58692,4253,6006,10454,50393,2342,3225,6435,5572,15589,6492,0,11002,10456,5150,15486,11401,8382,17749,6587,6805,8030,4326,7181,16949,1492,15775,4170,8792,7497,1779,10835,6067
2016-Mar,38658,6095,109774,7013,4454,26389,3121,3113,41585,72545,182,5380,9881,24299,1488,113437,1127,25707,20060,29412,75135,10753,3316,181586,7881,36888,302,26156,19974,131588,500,5693,135236,25289,3461,34150,12073,7124,2619,41968,46676,4473,10199,1890977,36007,8052,4480,24450,9819,7694,78322,2193,247,0,0,32373,5125,46318,13502,21867,5625,17146,17757,52493,4761,3057,111307,22767,5921,0,40901,6450,10437,6545,5503,6306,14981,256,5953,207248,1645,842,5086,20783,147188,5557,14604,21836,92144,3253,4823,9499,7384,18279,7509,0,12012,10879,5562,20239,24570,11357,20183,15713,9508,9820,5015,7789,23354,3531,22004,5193,9457,9336,4694,18244,10287
2016-Apr,37004,6358,104394,11660,4379,14544,1057,2634,23651,90134,246,5333,9147,3754,926,39574,1646,17323,13647,26185,30627,7213,3149,285175,8704,29189,504,21984,17036,85354,473,3621,107008,25064,3244,43615,11883,6454,2996,45988,42023,4246,8899,1931414,36122,6783,4142,17565,6975,7017,60900,2641,545,0,0,22868,5005,34226,13049,16360,5543,10459,8583,28676,4010,3247,77370,21108,4490,0,62805,6076,9574,6862,5323,5100,15410,302,4740,172442,190,182,4334,15727,112972,6232,34731,29120,252706,3195,6900,8193,6994,13763,6829,132,9409,11113,5214,18545,21730,10459,18554,9266,7610,9667,5655,6682,29316,6279,26928,5314,7611,8502,2993,18451,9652
2016-May,44492,7277,403131,31162,5503,14474,191,2767,14870,122764,419,5902,10184,2761,1400,25428,1642,17076,13691,26733,31657,8009,3544,463633,10001,30462,967,25323,18958,88745,615,5333,173756,24514,3422,28020,11982,6861,3430,45605,43172,5510,9404,2094977,40213,7215,4224,21020,4728,8547,69202,2196,246,0,0,26988,5449,30570,13665,17058,5873,9025,7186,14256,3465,3384,92281,25384,4979,0,58718,6458,10279,7985,5662,5879,15591,61,5009,196380,139,0,8112,17283,114727,5820,33207,24384,723029,3338,9627,9416,7366,14978,7313,0,10715,12675,6665,20278,18089,11427,25177,5912,15131,10171,6266,9792,35095,4216,34395,6119,10247,8214,4166,21660,10633
2016-Jun,43735,5938,383817,15467,4432,11381,186,3129,11128,195632,197,4760,10327,3620,1343,23984,1710,14643,10729,23855,28175,7011,2734,161725,8969,27137,0,23318,18384,82860,407,4226,107458,22860,3600,24226,11679,6215,4718,54229,41981,6388,11865,1965076,35491,8385,4264,15855,4774,7463,65698,1621,253,0,0,23050,5095,40656,14016,17476,5076,8135,5962,9219,3343,3551,63885,25025,5924,0,52211,6400,13517,8808,10105,5372,12819,127,4801,209993,185,0,4377,15607,426598,6232,7371,13907,771868,3486,16974,10332,7029,14471,7074,0,9198,11114,7063,19817,68219,10785,19094,5531,10631,9993,6003,6975,35408,4492,31949,5619,7441,8208,2402,20741,17076
2016-Jul,36430,5817,726911,5537,4581,9956,183,2654,10561,519632,323,5225,9299,3246,1939,21485,927,11698,5944,20512,22009,6279,3548,309274,9120,33171,0,22547,19683,78982,247,3766,91417,21732,2615,21379,11472,5945,1326,66671,40536,15043,10782,2428278,40299,7089,2688,13154,4780,7024,54498,1636,433,0,1167,16531,4953,57132,12154,19922,5664,6706,6267,8173,4034,3827,48123,21774,4424,0,48198,8093,9156,7486,7329,4749,9252,0,4062,203758,8817,7231,3890,13931,239024,5268,8454,14132,480931,3471,35125,8328,6929,18427,8567,444,11997,12643,8865,26406,37398,10253,17302,5617,16801,9578,5433,6964,41107,2903,26400,5982,6819,9279,7227,20717,9895
2016-Aug,37022,5889,2595216,5975,6485,9787,632,2612,10056,22158527,310,4581,9300,6483,1007,27744,1118,11070,4884,19744,22571,6295,3443,182615,7424,101608,0,21605,16615,89348,438,10270,105648,21388,1504,19454,10806,6108,756,48643,43008,4691,11618,2235330,37625,6898,2976,12693,4729,6987,49858,1673,936,0,260530,18351,4923,30476,8347,14032,5720,6500,7996,8290,3690,4846,40908,20764,4031,0,39268,9228,7319,5717,5847,4674,9560,0,4338,177883,10849,90419,4465,11769,117440,5717,45441,15513,294604,2677,9427,13538,6428,15411,7277,650040,9834,9745,7590,75312,18970,9965,18112,5786,9120,9513,5002,6377,15152,1995,22834,5063,6714,8995,9835,13569,9637
2016-Sep,46600,6543,3120498,5791,12306,11013,2420,2206,10862,244282,879,4442,9413,4317,1131,26124,993,11786,8620,21993,40397,7465,3769,139398,6778,30463,61,20624,13287,132002,1619,5472,99919,24849,2800,20980,11312,7044,1517,44255,39992,3504,12137,2406703,34325,8141,3553,14772,4868,7605,58424,3459,2129,0,64546,23118,4668,26256,11165,11861,10683,7688,14130,9965,4591,5995,41933,21061,5960,0,81605,4578,8681,6129,5758,5344,12926,125,4647,164692,5598,40746,4261,11695,152909,5229,11017,13861,212781,3032,8326,8625,6740,14324,7452,112890,10073,9386,7320,31415,32588,10302,16914,5436,7327,10199,5197,5996,14278,2521,20331,4983,9586,7549,11501,14635,8490
2016-Oct,44960,6722,182461,2300,3152,13194,2123,1529,11627,79254,61,4447,9793,4533,1785,20672,1019,12434,7098,22639,35777,7620,4956,153907,7224,24042,250,20802,13143,135066,1227,3952,107810,21520,3291,21096,12792,6892,1641,48081,49514,3413,10470,2291560,37541,9028,4231,13093,4587,7412,52776,6186,6918,0,39251,22450,4584,20124,12699,12381,7098,8107,29225,11463,4601,4444,39375,19079,5905,0,69050,3882,9937,6482,5484,5814,14837,0,4637,245135,6244,40442,4012,12281,98101,5488,9791,12850,239613,3100,7351,7819,7011,15195,7545,67181,9760,9874,7960,20476,20945,10170,18627,5673,8076,10554,5332,7019,19651,3204,21106,5622,9936,7979,7316,16866,9309
2016-Nov,89264,6100,112075,2316,3034,11778,2201,1996,14428,54476,127,4930,10500,3283,2550,22796,953,12575,7706,23003,27567,7386,3225,145678,7399,29553,689,20328,12542,80901,318,5331,120343,19118,3704,23405,13413,6835,3036,48297,43659,3306,9300,2467808,37439,9628,4399,12803,4388,6991,48976,4705,8483,0,77255,20455,4525,20606,13505,11871,6115,8775,22154,15716,3976,5635,38336,21580,6071,0,47143,3595,10351,6094,5329,5159,12708,0,4454,264015,7290,56399,4137,12824,68956,5034,7245,8525,242678,3557,6056,7428,6838,14485,9307,236735,10167,10405,10824,15840,15426,10392,17098,5193,8587,10520,5230,7973,30038,3968,20881,7266,8115,7727,10650,15281,7662
2016-Dec,44519,6301,102026,2804,2952,14762,4273,878,24437,51919,61,4906,11548,2873,1934,27619,617,14429,7665,29311,28373,7380,3310,249924,7392,34855,13116,23675,13739,90690,865,4809,158479,20942,4350,23520,15122,7030,4094,46152,44821,3276,8499,2458393,37031,9255,4530,14619,8493,7334,74028,4866,14057,0,50401,26046,4990,33930,15050,12582,7079,10042,17208,28590,4250,3170,37850,23014,7416,0,56473,4636,10965,6834,5621,6128,13446,0,4481,270357,5500,40211,4168,14067,54726,5155,6357,7866,178328,3681,6218,7416,7062,15767,9660,122162,10250,12029,8791,16948,10760,10912,19240,5314,8873,11089,6030,6861,39505,4580,25035,7512,9154,8182,8602,14889,6569
2017-Jan,30666,6524,59828,1226,1886,51468,3488,872,29544,44272,0,5307,8985,2349,1623,25178,515,9374,4801,31096,18613,5804,3094,133295,5967,43590,5453,20736,13260,86072,331,4341,154202,17669,1910,16673,13183,5411,1383,40258,47564,712,7981,2149146,31708,6973,2171,11770,4239,6181,42066,4376,15248,0,37020,16152,4532,23452,9202,11376,5449,8872,11757,29341,3216,1460,34727,17540,6189,0,45771,4305,7226,5462,10292,7750,17129,0,3637,222323,4627,24154,3765,10405,58132,4698,5669,7359,106034,3110,4893,6752,6168,15700,7708,82295,9449,13873,6804,17030,11380,10536,15800,5223,7732,9357,4749,5716,28139,2625,16583,4776,9600,7645,6401,9918,5966
2017-Feb,27532,6156,50290,1408,1272,51904,3130,911,27811,43038,0,5161,7708,3191,1206,30245,986,9433,4748,28822,20942,5540,3116,158549,5848,46857,1756,18718,11515,95982,185,2938,147622,19469,2194,16453,11120,5462,887,37494,43994,1267,6945,2082181,28581,6591,2667,12460,3933,6149,38360,5043,25959,0,44377,15231,4517,19818,8205,10583,4846,12250,13892,35796,4168,1862,33723,19101,4278,0,49560,4371,6312,4916,4771,12194,11785,0,3424,171561,6074,23222,4376,10361,50002,4770,5521,9360,78941,2889,4861,7241,5906,16688,6417,122812,9465,13131,6287,24940,10147,10336,19576,5659,7799,8809,4390,5702,21344,1535,13697,4582,13337,6999,4628,11105,5312
2017-Mar,38064,6978,68308,2874,2496,58276,2074,695,31944,50074,0,5293,9299,3234,1129,101227,1267,13720,10162,34842,33460,7207,4222,157299,8520,41062,3655,22939,13117,121086,264,5265,202059,22461,3971,21835,15860,7206,1223,49549,44765,2783,8013,2506248,33934,7765,4182,19581,6066,7399,57892,6328,33234,0,263587,21113,5048,27446,11522,12503,6312,15203,14061,36702,4343,2660,55315,25826,7113,0,83631,5152,10489,6828,5269,11815,17316,61,4591,320720,39651,1278805,4724,13079,302143,5961,11923,9821,132319,3040,5819,9939,7422,17610,8417,389296,11832,12259,5945,24972,35312,12722,23802,7419,15073,11598,6293,6745,41534,3517,25487,6707,12954,8128,5455,15144,10543
2017-Apr,34585,6682,60780,3747,1652,36958,761,313,24239,48795,61,5096,8800,3580,746,31718,1151,11505,14808,30184,24990,6506,2372,190293,8407,34513,2233,21181,12355,99133,122,3133,152451,20791,3548,18494,15268,6602,1679,43285,41270,1849,6347,1965037,31327,6529,3982,20490,4292,6987,47410,5583,37495,0,24339,17920,4975,31826,13205,11448,5678,10988,10779,27701,3189,1762,53501,21462,5400,0,34222,4640,9009,6241,4852,9297,15883,0,4124,338154,9529,100206,4976,11055,77531,5241,37238,11475,195412,1715,6239,9454,6375,15732,7650,46935,13634,9778,4929,26605,13739,11040,20425,7411,7359,10020,6525,6149,38095,3407,19287,6081,8943,7019,4330,14981,6945
2017-May,44490,8269,76425,18189,4702,33516,1512,636,23553,53350,455,5051,9582,3505,1301,26731,1306,13867,12375,35543,29541,7234,3464,209554,11338,34297,2779,24270,12664,126461,719,7186,128952,26608,3637,20614,16591,7864,2531,49011,42296,3247,6636,1813806,32734,7069,4115,25661,4683,7657,62910,6661,66153,0,20479,22731,5453,32018,13696,13263,6454,11641,9752,25228,4353,2578,63514,24432,5812,0,37648,12474,9588,8175,8171,10766,16850,0,4691,278985,8075,74261,10015,12843,87671,5696,17449,9772,393450,3232,9483,10236,6847,23576,9262,42593,19067,11049,5229,28966,14544,13619,26652,8332,8797,11124,6393,6705,38155,3836,24015,7752,13425,8205,4449,18171,8334
2017-Jun,38888,8283,72618,6953,3396,25627,1705,374,21849,54207,61,5016,9961,7452,1808,25305,1123,11523,9060,33280,26623,7014,3667,177451,14689,34576,2139,25801,12861,125061,303,3346,101756,26207,3982,20593,14987,7318,3230,58665,41828,4231,7043,2110908,32661,6650,4844,20670,4564,7835,68202,6468,59194,0,19606,21734,5044,42254,14497,14162,6356,10006,10510,16577,3410,2670,59637,23398,6523,0,36324,7020,8782,9061,5434,7812,15207,0,4913,281671,6179,56652,4454,13441,185501,5561,20688,8637,601782,3241,26499,10119,6783,39873,9764,36483,16699,10201,4896,27155,24401,16059,23425,7938,9690,11701,6117,6357,32208,3982,20644,9482,7832,10846,4055,19262,10501
2017-Jul,29503,8036,143372,4791,3362,34499,6786,488,29171,54390,66,4911,8815,4017,1619,20612,1245,9481,5078,26947,20975,6304,3804,221909,11776,36387,1446,26867,18534,142608,545,4155,121930,22336,2083,17068,14116,6317,1033,64462,40343,4997,7375,2052700,34029,6127,2967,17459,5290,7857,54896,6683,98475,0,18574,16393,5493,21954,8371,11563,5567,12240,11488,27068,3740,3724,50040,21201,4718,0,28894,7339,6327,8103,5234,5808,10652,0,4479,268381,5036,41369,4607,11488,66205,4733,65709,8686,509716,2861,33464,9529,6128,37629,7831,29988,17451,10063,5103,27175,18536,15300,22586,7908,8167,10944,5585,5867,16245,2791,19115,43390,7716,7507,5161,16817,7690
2017-Aug,30785,9656,46569,3923,2964,35843,16425,2065,28472,54551,179,4822,8180,2817,2946,20084,1133,9905,5744,26038,20950,5997,3805,1970663,11607,43139,1225,26137,24260,131493,485,3376,140126,21285,2230,17812,12917,6450,849,85417,43883,2837,7426,1798516,35343,6627,2889,18297,5381,7499,52414,13991,574393,0,18931,16182,5257,30720,8623,13060,6028,13345,23786,47733,3448,5830,44106,20467,4875,0,32162,12924,6243,7377,5132,5393,10700,177,4127,302801,4891,36520,4447,11588,123495,4819,63342,10048,318627,3747,20578,10039,5949,24412,7280,29239,19048,10315,4786,37887,98976,16323,25762,9736,8591,10441,5051,6107,15834,2503,13996,36901,7952,7569,3618,20247,7557
2017-Sep,36804,8691,54479,5918,3801,28656,3789,2122,26275,50736,256,4677,8534,2569,1658,20400,1129,10267,11488,24705,28103,6791,7474,775625,9029,40490,1058,24119,14519,113407,236,3293,163957,20747,2492,19693,12619,7497,2035,55008,46655,2084,6284,1785299,34280,7103,3499,17040,4545,7009,52162,17153,687188,0,13921,17168,4760,24672,10600,10819,17331,9724,31922,24146,3034,5512,41705,19605,6430,0,32107,6390,7968,6183,5672,5726,13412,59,4167,335683,7939,33746,4009,12833,174312,5261,13349,8999,307841,2954,8954,10399,5733,17054,6665,20318,12553,10167,4337,31912,46078,12779,27648,9092,7319,11036,4716,6064,15220,2751,13326,12914,7378,7301,2447,15941,8799
2017-Oct,38289,7596,47365,4292,3217,23425,1765,1432,23068,46388,59,4872,8831,2380,1646,21794,1760,10514,7452,23341,28188,7379,5813,179898,8684,38321,2633,21118,15416,82243,118,5351,139377,21623,3922,22174,13255,7366,3329,44029,41946,1972,7058,2165217,31684,6465,3801,13941,4639,7546,57402,5918,44780,0,12768,18492,4535,38170,13365,13191,9299,9595,38357,13429,2918,2528,37266,19973,6043,0,37746,6121,8322,7265,15328,6069,14227,0,4563,409813,4149,30500,5011,12407,116405,5113,8938,8808,338862,2762,6132,15558,6508,17527,8009,20443,11055,10879,5279,25177,23266,12948,23393,7379,7072,10392,5149,6379,17385,2939,13275,10517,6802,7310,4056,16686,8161
2017-Nov,95521,7434,43269,4855,3221,18457,2218,679,28539,43909,118,4637,10933,2633,2511,24645,1470,10592,8190,28057,28959,7467,5260,320149,8843,48279,1040,21957,13887,71976,182,3904,121176,21989,3843,26236,20176,7369,3563,39467,39387,3033,7381,1748226,31933,6088,4024,14344,9653,7399,55448,6097,35757,0,13247,19823,4347,42972,15406,12966,7765,11978,33571,19227,3781,3466,37253,21084,6809,0,36235,19268,9259,7367,8071,6002,13628,120,4499,260523,4119,32969,4123,14622,123201,4888,7391,7521,178742,3648,4738,9615,6320,17159,10122,19788,16807,10884,5110,20440,15390,12724,21037,6585,7257,10367,5211,6457,31430,3612,17382,11724,6947,7229,3504,15826,7606
2017-Dec,37084,6374,41361,4817,2364,29371,6633,1006,150214,47381,118,4617,12757,2198,2869,27111,987,11239,11440,31956,29517,7296,5780,208415,8382,76652,845,28616,15712,84667,1651,4244,157750,23196,3649,25267,18522,7020,4483,41043,30153,2667,6364,1663344,40118,6331,4711,17362,4783,7581,58044,7759,30028,0,12503,21912,4624,26622,15857,11942,9860,36354,40217,98116,4983,3121,35475,20618,6589,0,37707,7466,9375,7218,14484,12878,13287,122,4660,266044,4194,37168,5330,15665,142536,5200,7072,8956,132249,3457,4529,11913,6467,18826,9861,18096,17852,10958,5811,21351,17907,13190,19357,7310,7605,11195,5383,6496,31774,4092,18563,14089,8979,7428,3619,16414,8240
2018-Jan,33843,7253,35139,4079,2522,34212,11658,866,747884,48083,891,4310,11586,2255,6226,27454,733,9307,6520,23717,23237,6783,5780,199136,7556,77680,328,30516,11770,68654,3960,54788,187391,22804,3129,21994,16142,6436,2312,51289,34224,1696,6665,1424201,33512,8491,3119,16034,4585,8595,58182,6000,19078,0,10303,18344,4537,22492,9840,10149,6129,52278,68358,349842,4521,1975,33376,19458,7640,0,37889,7149,7501,7952,4948,7169,12525,122,4474,327511,1943,26563,4251,15606,81652,4796,6142,7782,77090,3178,5562,9071,6645,25206,11001,15992,19564,16243,20582,25370,37886,11939,27108,7197,8640,13061,5644,5966,16745,3335,13889,8628,8658,7731,7056,14790,6940
2018-Feb,22146,5972,30737,3038,1902,25686,6330,683,193829,102448,59,3794,7924,1110,1862,26209,631,6797,4638,16353,19497,4858,4850,617664,5461,3487844,318,20646,9746,54817,429,31535,113966,17521,1301,14705,11708,4545,366,35834,28929,760,5365,1183623,28965,5780,1707,9983,4353,7283,64112,3699,12069,0,11781,19429,3564,18564,7467,16782,4717,22590,38064,163703,2973,1192,29155,14583,3625,0,25268,14216,5637,5782,5577,4905,9260,2567,4313,310240,2003,23360,4171,9308,87605,4326,7784,7215,48318,2829,4330,8172,5223,18942,6988,15464,14418,9949,6193,32827,12892,8905,25594,5899,6324,9010,4459,4734,12041,1797,9894,6711,6359,6548,4097,11024,6438
2018-Mar,38310,7467,45445,3980,3176,20486,3943,882,72745,49734,0,4436,9420,1687,1648,50459,1341,11997,6985,27800,31604,7331,5335,163038,8156,97738,480,24567,12354,80472,182,5954,113428,21034,3738,41355,14581,7170,1827,41399,37517,2556,6951,1673949,30995,8132,4037,16819,4565,8332,81384,4917,13368,0,9527,25915,4752,24218,10504,20475,6472,18069,31270,118215,3504,2920,39812,36050,10228,332073,73347,7079,8968,7286,5217,5576,16014,895,4974,335346,2931,28191,5187,14102,214152,5358,8892,10037,88244,2630,5315,9348,6617,17601,7907,15966,18357,12462,4730,37058,20417,13995,30753,7666,7954,11548,5702,6025,29650,3364,14202,9000,7025,7976,4516,17689,11606
2018-Apr,38230,7807,37510,4393,3003,15224,2166,1764,36083,46467,183,4468,9844,2207,1794,465459,2085,11215,8424,28847,30818,6906,5021,181778,8739,46749,1060,23805,12368,67521,61,4352,89267,21536,3766,53095,15132,6447,2135,38932,38982,3204,6338,2130183,31954,8385,3432,16234,19396,7680,73570,5002,12362,0,8977,23447,4070,22180,12177,16577,6653,10816,16470,31225,2844,2478,48418,41904,10911,436303,46300,9358,9176,7547,5085,5634,17042,179,5055,308434,3170,29590,4904,12220,279298,5297,18079,10557,249483,3475,6831,9469,6752,16756,7751,13584,15526,10290,4615,32716,24145,12941,34637,7165,8635,10073,5532,6221,48202,4677,16374,9451,6882,7679,3798,18561,14708
2018-May,41424,8379,46554,7587,4500,13228,1423,1817,35442,55866,118,4376,9936,2899,2619,62441,1644,10326,9582,31182,34917,7497,5090,572150,10727,44733,942,25216,12206,71817,1055,5022,91659,25667,4197,45448,15773,6898,1903,45695,41164,3771,6734,1618295,35522,9024,4597,23843,5388,10254,80602,5462,11432,0,8975,27438,5780,28446,11354,17494,6973,10118,13301,24731,3181,2605,62053,32722,7695,146073,35031,11149,11429,7905,6018,6268,18354,248,5760,296573,2011,23811,4664,13324,1100794,5643,18761,10867,609253,3863,9761,11436,7602,18630,7528,14713,19780,10871,5102,62253,33204,13908,33226,7293,7108,11321,10078,6279,36903,4224,21988,9115,7093,8125,4711,23893,31915
2018-Jun,44596,8058,65761,96039,11669,12929,1879,811,32713,89240,635,3946,10320,2222,1626,45626,1659,9374,7465,33356,33227,7340,4890,210138,12193,51379,1245,24865,10308,66140,815,3471,88337,23420,4093,54431,14862,6813,3233,40206,48747,3627,6414,1670905,37120,13043,4660,22833,4709,10036,88172,5922,12497,0,9287,28747,4889,19736,10533,13442,6775,10014,11876,18838,3447,2589,49448,30896,7349,245626,31537,28348,9778,7470,5483,5972,15402,133,5391,280447,1773,20105,5133,13067,79669750,5586,9686,9347,688054,3106,13089,14999,7419,19095,7599,16006,17659,10733,4250,157613,44158,13087,28439,7094,7079,10564,8172,5977,34489,3891,14721,8539,7897,8085,3375,19717,945590
2018-Jul,32346,8740,38007,10160,4344,12102,543,2247,33130,67152,0,3940,9947,2881,1489,31139,978,9570,4920,27130,30199,6979,4781,163302,19016,37501,368,26878,9869,74298,1934,4548,74890,29085,3205,66554,15497,6194,1575,56373,49773,4547,6720,1580318,34431,12704,4304,25888,5399,9183,79772,8175,16636,0,10165,25327,5256,18888,8010,12110,6337,9120,17272,12179,3206,3340,51313,31160,6104,535050,36440,40353,7358,7039,5073,6145,11718,59,5119,459198,1562,19982,5251,12332,47940826,5768,12310,11179,618810,3587,22882,13763,7059,24046,9938,16276,16177,10293,4536,141250,53439,13647,31207,14703,7580,12472,7766,5442,29803,3456,13367,6653,7464,8717,4067,16295,497123
2018-Aug,32247,8666,31688,6077,3338,12670,1097,1211,32203,86184,0,4566,8931,2710,1823,22148,1155,8752,4207,25020,33277,6609,4559,208918,14754,43680,118,23632,9789,74155,2076,4537,96342,34737,2671,49383,12629,5893,847,51042,46156,3612,7052,1602799,32355,15330,4490,20060,5375,9358,87594,5935,10659,0,11643,29347,5462,17062,7661,13080,6177,9032,17981,15926,3065,4845,41221,32881,5982,300915,40590,21103,7283,7531,5576,5595,11258,59,5671,485893,2172,14878,6112,12367,294635,6102,22285,10962,377791,3739,15703,11087,6375,32141,10229,20927,17905,10654,4558,3350901,39265,13235,30728,10736,10613,11788,7042,5793,26039,2109,15256,5707,19884,8207,3023,15253,13492
2018-Sep,31413,9518,17802,5618,3438,13756,1953,950,30713,51001,59,3683,8688,2199,1812,14162,1307,7963,4588,25092,37648,6559,3895,329389,8682,46905,240,22274,9588,53729,946,14574,104968,25330,3336,58518,12184,6750,1436,84084,41618,3376,6721,1595976,21668,9696,3973,20950,4532,10364,82896,5231,7144,0,6960,26450,5655,22808,9286,8803,18307,9178,30041,12393,2482,5563,34208,30749,7508,295059,44190,39637,7986,7211,4784,5571,14169,59,5805,286761,2351,8243,4100,13190,92203,6583,14710,9155,354104,4098,9239,10042,6510,19540,9432,11832,14880,10925,4443,630284,31020,14119,27659,8077,6578,11660,6442,6177,21304,3563,13600,5883,14489,6879,3773,17764,8741
2018-Oct,33814,9516,41753,5388,3987,11557,2539,1730,34521,48433,489,4039,10022,1703,1378,29979,1321,9523,5454,26673,34693,7480,4014,166994,8379,57758,1192,24060,9940,82848,911,24262,128875,25207,3737,33957,14561,7105,3260,59845,46535,3234,6688,2393791,30733,10783,4770,18189,4638,9689,98394,4706,8908,406894,8591,38642,4545,18254,9993,10659,13402,10308,51628,12346,2948,3968,36731,25873,7190,140459,39928,17247,9241,7028,5193,6242,16381,1518,6249,434847,1996,18790,4365,12645,133910,9006,29792,12205,289435,3482,5735,9062,6963,20559,9709,12612,13912,15251,4903,58845,30349,14322,30706,9046,9727,12369,9220,6333,31557,4479,20744,6699,15067,7269,5661,18688,8847
2018-Nov,111486,8956,187737,5393,4532,11617,2783,1958,42071,45189,474,3525,12347,2661,2948,36147,920,8906,7186,26065,32173,7229,4077,681208,7471,41034,1269,28534,9969,61660,1107,4493,122786,26662,3686,30934,15544,7558,3167,40854,55389,3680,6539,1661267,33303,7411,4479,18114,4693,8402,72926,4635,9370,933418,8603,26319,5155,14608,10114,8366,7194,13180,61246,19438,4213,4855,37349,24639,6805,86264,38940,25167,10011,6118,5142,7806,15877,59,5150,391448,2047,25085,6572,14065,105555,9394,8791,9407,239098,3463,5285,7822,7056,25327,13650,14724,15180,13303,5518,46484,37950,14068,29934,9200,6428,11579,6242,6172,30034,4773,22101,8220,20577,7365,5424,17425,8356
2018-Dec,38696,8533,135298,5636,4219,17744,3426,1340,104771,37179,118,3797,14013,5178,3833,31836,922,8312,6864,24579,33058,7005,5126,442985,7435,43992,1060,30340,11123,66183,1472,4119,165457,25003,4186,33349,15302,6877,3762,63068,68568,3665,7285,3274300,36434,7068,4692,20577,4679,9128,80630,8807,9092,54821,8383,31321,5473,16126,11017,8385,6952,22663,45716,56472,3728,4394,41272,23094,6441,91994,4961835,29077,10291,5846,4316,6790,14985,240,5503,403086,1973,27867,4308,17975,101126,5334,11675,11227,225900,3281,5546,8367,7657,26132,14814,12880,24623,13050,7596,42095,102821,12817,30780,11397,8100,10916,6590,7344,39387,4824,20677,8725,22406,8493,4148,14963,8183
2019-Jan,29428,8470,31925,4426,2124,36512,5709,1480,657532,37262,0,3661,12264,2724,2404,31311,1087,7431,4264,19203,24098,6259,4120,166478,6827,45889,61,32021,9902,57747,808,3540,255121,23412,3424,19544,13471,5656,2642,38006,47383,1727,6697,2210582,33436,7087,3470,34565,5650,8601,57096,5656,7919,27285,8912,20551,5121,15878,8057,7362,5291,38830,69529,318697,4366,2779,37274,18112,6154,51665,961417,29733,7654,5224,3905,7084,12828,0,4692,396500,1506,19518,3781,14249,105064,4763,6427,17082,139824,3183,5476,8237,7273,21656,13087,13734,42880,13086,5302,40587,4889188,12414,27306,9248,6617,12016,6229,5611,19885,2577,13976,5677,21540,9698,3742,9993,7281
2019-Feb,33825,7840,22851,4283,1412,16955,3322,1442,270489,36794,59,3215,7756,1699,1781,30257,675,6196,3266,19226,20268,5125,3081,173771,5555,52548,181,27010,7831,55932,421,3236,170097,21212,1961,16148,9849,4227,983,31650,47278,1114,5685,2134779,30277,6121,2336,16228,5251,7263,45010,3494,5627,14988,8752,14510,4206,13440,6395,6705,4530,16649,27918,144362,3246,3360,47631,17280,3681,47981,500143,51823,5757,4742,3873,5102,11326,59,4062,335826,2050,15369,4984,10984,65403,3965,7022,16576,82971,2451,5393,6583,5641,21248,8233,12685,19626,11090,5518,29865,368218,10278,20609,7899,6450,8948,5107,4618,11436,1577,10159,4853,11926,7253,3241,9158,5919
2019-Mar,39224,9235,29410,5673,2796,13884,3437,877,197340,43687,630,4273,9690,5570,1389,255491,1736,8402,4891,31335,30496,6670,4277,141427,9188,42836,1398,30970,10505,66630,925,9978,185636,23935,3975,24844,12416,7445,2252,37216,52041,2841,6882,2393796,34638,7559,4311,24243,5485,8120,56350,5514,8441,23569,9195,18558,5501,24264,9721,8414,6027,19364,29548,111980,3384,4372,103653,21202,5749,43369,362332,98246,8366,6072,9380,6840,17249,59,5106,319596,2029,12129,5518,13610,80259,5902,11242,39656,131996,5318,6206,7770,7283,19924,9679,16622,25449,11964,4902,33964,19153,14593,27674,13412,7542,11086,9243,6271,16559,4667,12994,7028,10596,12462,17587,14640,8322
2019-Apr,39042,9715,31446,4889,3120,10628,2918,610,219200,41857,0,4153,10469,4802,1248,45259,1928,8697,4552,30133,27509,7375,4131,428827,13131,38418,2097,31820,11963,54330,482,4012,147933,24837,4196,22904,12231,7181,2830,44489,67856,4185,6611,2302244,37015,7205,4228,27545,4246,7417,51552,4894,8634,22625,8170,17124,5910,28178,10874,12538,6236,15426,20190,79862,3777,4785,158456,20910,5223,31888,139223,33556,8213,6432,5026,7200,16565,118,4885,299180,1857,9310,33125,13139,67365,7914,23120,229261,210034,3113,6999,7864,7261,20909,8175,14824,28106,12533,4452,35149,6620,12961,25923,12568,8257,9841,8953,6286,20522,4924,16510,7088,9660,14236,2857,17443,7256
2019-May,40991,10267,40345,4849,3765,9661,1353,1739,119251,54664,799,4123,10691,3686,1570,33048,2196,10100,5850,31878,30499,7129,4189,323410,13096,46010,1199,32045,13940,49473,997,5108,126208,26594,4097,134481,15482,7341,2976,38962,66294,8830,7351,4010603,38581,9473,4428,29619,4372,8080,67144,5388,8960,22008,9097,27737,6743,20968,11207,11194,6753,16160,15421,40376,2765,4110,121079,41653,6760,743665,717544,43426,9589,11169,5160,7578,16934,185,5566,416371,2428,10077,7122,14915,86345,8604,19692,273251,302869,3237,7086,7741,7427,27234,9540,15934,37886,12271,4721,35421,17780,12738,34723,13220,7649,10069,9331,6297,51940,4524,18222,7884,10337,8973,3500,22429,11868
2019-Jun,38750,9249,209591,5615,4708,9532,1027,809,79972,56037,730,4157,11150,2784,2572,38211,1366,8591,5211,29196,25349,6825,3708,2174771,15439,45099,639,29473,11842,44668,515,4508,72375,26477,4218,41403,14642,7000,2763,45738,55812,16558,7027,3210420,37239,7841,4637,26911,4199,7856,60800,5957,8766,19915,8705,25716,5656,22468,11104,11037,7100,14519,13206,38921,3080,4032,89276,30900,7694,193351,331873,72195,8340,10686,5487,6612,15738,0,5464,288136,2048,9596,5988,13057,181763,7060,9319,108564,389185,2957,10525,8458,6794,24580,9910,15366,73079,11959,4594,35788,36232,12649,35098,11198,14159,9082,9141,7331,45989,4289,19976,7843,8868,9266,3227,21129,17178
2019-Jul,31808,9492,50253,5050,3120,11837,1788,1309,61490,64044,177,4309,9431,3482,2333,26546,1805,7985,4382,25371,22762,6243,3784,581805,13167,40379,177,29917,10806,47204,181,3663,74879,21345,2961,21418,14586,6509,545,38695,49438,17157,7300,2130318,34107,6951,2889,27120,4210,7582,51154,5187,6451,32057,10092,18935,6784,22846,8464,11175,5895,11938,12036,16149,2560,4264,57261,23357,5205,52175,133825,87736,6734,8548,4940,5535,12473,0,4952,258206,1515,8607,5598,11764,100710,6230,52168,74386,303197,3282,9508,8602,5932,27637,7964,17553,71430,11702,4377,37320,17481,10917,27594,9320,11055,8316,7630,10607,19891,3339,11475,5453,13683,8815,3349,16382,12387
2019-Aug,29638,7540,31024,28725,7423,9723,1492,1909,49592,56199,814,3344,8745,4765,1735,23948,1251,7113,4045,24475,27553,6552,3710,248837,16739,38637,303,29298,9916,49906,870,3878,83588,26300,3001,52778,12598,6207,720,45702,46659,13241,6523,2178312,31924,12311,3223,24752,4527,8461,63124,4830,6333,43688,10500,23631,6247,16304,14133,11148,6166,9551,19381,11207,2134,4976,46437,24071,5119,96773,163565,539311,6892,7682,6323,5533,11700,281,6206,551692,2452,9712,10259,12225,115500,7014,25491,91396,186515,3585,11017,8793,5944,23935,8336,19014,42798,11321,4277,36999,4818,9885,27374,7376,12005,8491,7314,30919,20216,3384,11766,5769,12333,8238,2842,18972,14788
2019-Sep,31954,8133,24899,7133,3636,9394,1181,1804,53877,77365,61,3463,16708,2765,2013,22395,1004,7318,4219,22962,28310,6328,3008,333574,10857,49768,554,28118,10181,42030,301,3296,105399,20231,3696,31531,11109,7149,1379,35107,43861,7697,6522,2747281,24065,7738,3806,25307,3728,7050,49056,4405,6144,65198,7845,20342,5434,14792,9386,11335,17060,10747,36646,13590,2739,5205,38150,20911,6705,51693,418899,2936719,7928,7100,4351,5530,15552,0,5817,408267,1360,9707,6782,13809,552974,7343,33585,117150,138667,2920,4922,9423,5732,19360,7629,15611,33347,12157,4428,37702,11907,12828,22298,6632,8721,8573,6653,8926,14966,4004,10513,5849,9658,7609,3476,17946,38898
2019-Oct,56742,7940,23121,6113,3464,10677,2051,1162,58227,72273,59,2844,17672,4387,2670,28454,2185,8164,4931,25208,31581,6877,3141,544299,10182,69842,1148,24458,9728,46105,1060,4725,97277,17817,3578,20903,10579,7730,1928,37798,46303,6763,5823,1862865,27549,7398,4086,21414,6019,7632,64006,4475,6678,252419,12917,26076,5183,14990,11716,13463,8982,12083,49533,17829,2169,5306,38267,21908,6566,47899,496105,33272,8813,6978,5276,5241,17763,0,5813,318258,2420,12779,6649,13034,99078,8609,17375,61960,103081,3652,4448,7743,6204,22748,8173,24738,26616,19096,5494,40077,8226,15377,24726,6658,12040,8949,7322,8768,23704,5163,14545,8475,8980,7443,7680,20437,19549
2019-Nov,42009,7390,27223,4362,3193,11850,2738,738,82493,47141,1757,3397,13509,3488,2668,31294,860,8970,5490,29428,31450,6857,2786,218295,9352,50137,564,25156,9530,43426,478,3931,106119,18310,3857,21044,11536,7845,2600,39162,179915,6060,5800,1611676,25807,7171,4350,20791,5177,6805,61346,6107,12055,495862,9612,28378,5243,15576,14071,11803,8793,13866,24329,46438,3101,4530,43736,19780,6336,33585,147736,12579,9333,7381,5614,5402,17677,0,5247,327996,861,11459,6377,12008,79483,8815,6710,15035,159596,3466,4124,7737,6141,26646,9768,19365,30438,15399,5514,30559,15984,14815,22820,6578,6780,9192,7224,10256,24413,4846,14361,6853,8443,7425,3640,20805,14613
2019-Dec,37578,7382,23548,4692,3085,20237,8028,421,405813,52713,118,6175,16277,2302,2891,35060,1158,7676,6442,23828,26069,6864,2612,758195,8169,101652,734,29970,15418,39603,374,4470,153264,19997,4076,23944,17556,7431,3691,32004,64133,4677,5858,1814936,26854,7134,4489,21943,4020,6912,49076,4481,6737,43805,8869,23428,5247,19156,16692,15340,10355,27918,42829,346287,2914,4390,43195,18234,8099,35387,347986,9613,9043,8186,4291,6379,17181,59,5363,295087,1671,11471,6917,12616,37664,5896,7517,11789,68751,3843,3862,7703,6409,22848,9240,18587,35086,12820,5563,31939,24266,13806,21579,6644,6741,9093,7585,6236,34340,5099,14870,6979,10532,7705,4698,19230,11411
2020-Jan,23265,20060,13605,3902,2432,130088,6826,417,654543,50281,0,3282,16137,2009,4212,24423,663,5501,4714,166690,15925,5397,2772,306810,6403,72329,124,76675,8398,29254,315,5976,159882,37508,2603,12502,5909118,6127,2163,34834,393481,3428,6891,1085341,33218,6101,2095,23243,3412,6201,38098,2645,4526,16914,8516,15385,5898,14696,9549,14222,6251,52867,37083,348914,8139,3284,43583,13159,6264,22859,250503,7153,5708,6556,3806,11469,11955,59,3809,251654,1053,9584,12991,8891,15744,4823,5723,9408,51495,13646,3919,6518,5767,231560,8731,17470,35254,13797,8380,24545,26881,10284,24957,6177,5425,8096,6168,5070,17228,2324,10570,5387,44691,7049,11014,16340,8285
2020-Feb,24628,29693,14284,4067,2813,179147,6827,928,214759,102655,240,3343,24390,2045,4738,20511,545,7081,3841,485830,27340,5659,3025,805615,8583,56674,539,63871,9112,41114,1149,4551,95513,50399,2672,16259,4825353,5731,1295,47348,448771,4067,16637,1273576,38544,7369,2710,40942,3747,8548,66120,1735,4557,14253,10900,28537,7312,13842,8817,11645,6170,55641,32473,58002,7132,2567,47416,21402,4814,14728,94694,8992,7163,8662,5170,18872,19356,1086,5561,201436,995,11315,11534,11143,33538,5047,7061,6273,35874,18725,4137,6900,6844,236877,14894,21082,29272,18603,10735,25548,14986,19080,38426,7228,6928,7610,6504,5816,17840,2972,15591,6319,47676,7699,5422,28682,9367
2020-Mar,36950,19784,85149,11368,4309,119801,4905,668,69628,122677,306,4133,24678,2684,3585,26361,1405,8766,5205,101866,49182,8043,3861,207383,13020,52564,1097,35593,9913,56381,425,5342,54995,37525,4446,27239,1587814,6613,2521,45178,199144,4803,13009,1765946,37649,13870,4430,33024,4555,13263,230560,3468,5724,23155,12574,76980,6005,15156,11116,13917,6828,32047,23985,24584,4906,4120,52459,27989,6492,14888,116874,10301,13734,12339,5661,7752,30202,3945,15186,332470,851,11089,13771,19570,64156,6536,7824,9624,39147,7405,5339,7739,10635,78835,17954,25856,23464,16292,6207,33446,16395,19404,31030,9742,9463,11458,10739,7646,26511,4491,12119,6634,30622,8869,5498,30773,9487
2020-Apr,34342,14376,34109,5699,2151,51652,4229,301,41541,47639,59,3976,19665,3044,2427,20405,1047,9055,5065,55805,34436,7397,3487,192147,12795,49891,1279,30962,11494,48894,0,4546,45888,30583,4181,17941,737494,5880,2481,37422,121193,4440,10462,1624188,33563,10159,4193,36063,4297,7670,102600,3661,5583,19644,10272,49026,5986,16130,12788,12405,6615,18196,19168,15972,5403,4020,41813,24067,5439,11161,139029,8369,9817,10225,5741,6330,23935,177,7163,238716,546,10537,14886,33304,47466,5628,6001,15496,37894,7942,4768,6832,7281,44846,15083,23032,20271,16179,6218,28820,19762,15259,24417,9222,7424,9974,8710,6825,28103,5042,10897,6934,15316,8308,4357,25211,7746
2020-May,30441,12290,32515,10743,2261,25335,3290,185,39209,43808,181,3876,16008,3205,2500,19893,1650,8390,5432,41491,27152,7235,3761,374884,18030,70040,1415,31491,10581,49561,183,4233,54197,25904,5613,18575,362871,5913,2258,38496,80619,5187,6610,1550640,31995,8572,4358,31908,4615,6188,59430,3750,5772,22105,9587,27848,5739,14516,10906,10287,6364,13787,13636,17530,3636,4019,41258,22113,5498,18053,3809598,7302,9002,9371,5135,6044,22033,0,5256,216604,848,11317,7591,24011,63278,5619,5764,15095,50899,5317,7935,6483,6545,32967,13021,19924,18094,14997,5060,25296,25152,15172,22653,8165,7982,9561,7407,7694,45329,5191,11467,8184,10132,7951,3979,26752,13761
2020-Jun,28732,13984,31664,21058,3795,19817,3447,478,44756,44204,177,4383,15211,4363,2833,19444,1274,8094,4573,37258,23326,6569,4858,194257,28385,61549,1216,30367,10292,50678,242,3626,80281,23623,5638,18283,293411,5848,2740,38384,65808,11166,6240,1369105,31152,7410,4440,26869,4440,5914,49944,4051,5636,24935,8602,23706,5921,13776,9955,10215,6699,12747,14975,15192,2747,4111,39848,23649,5688,12736,895429,6115,8274,8966,4834,5655,21552,59,5061,208377,1157,10621,6209,20277,73274,5165,5321,10232,42879,4716,16911,6650,6392,29049,12289,23368,16559,13126,3995,26786,20586,15168,21771,8447,9849,9461,6674,9773,45559,6328,12431,26046,60758,8814,3279,22213,9292
2020-Jul,30084,12236,26970,10145,2098,16442,2183,305,47518,51047,0,4379,14391,3457,3035,13853,1169,8084,4000,35361,20034,6468,3886,591354,21561,115144,960,29682,9882,56495,59,4118,80096,22613,5474,20249,190428,5607,1576,39282,92936,17614,7466,1554243,35228,7326,3684,26043,4458,6322,42416,3874,5704,33896,9887,18567,6503,14138,8237,9796,5693,13509,24844,11638,1800,4753,41319,22116,5001,15313,275883,7758,6703,9257,4962,5097,17868,122,4814,255018,1288,14711,5767,16075,78755,5129,7737,10750,63884,4373,15968,7004,6312,27342,9679,52559,15838,12220,4932,32968,24582,13973,33137,12188,7076,10241,6527,5761,219362,4807,13174,22975,148662,9200,3170,23831,9249
2020-Aug,21175,11324,21729,11069,1886,13948,2787,1032,44075,55858,122,3358,11805,12091,2017,12118,1277,8676,4014,36021,19398,6035,3781,164884,18744,116514,366,27472,8661,56105,750,4175,81262,22060,4739,20895,133296,5411,2114,32413,58726,8965,7097,1638400,34604,7249,3073,25365,4498,5689,41590,3500,5547,42112,11494,16414,7236,14794,7817,10648,5590,13975,73939,10907,2035,6697,41704,21480,4918,16424,381008,11409,6278,7378,6159,5212,14987,0,4900,286572,1309,18963,5609,15092,99610,5421,36629,11681,88819,4475,12202,8303,5738,24111,9329,36077,17159,11340,4430,35358,21783,13269,36230,10223,7594,10085,5678,5869,131443,4595,12301,11908,10433,9700,2836,20672,10846
2020-Sep,29169,9450,20822,5563,1619,12460,3343,858,62854,53646,118,3477,22143,4216,2810,12717,1231,8493,3933,35850,27577,6448,4100,189086,12292,57924,960,28298,9286,57378,0,4596,127415,23308,4096,21738,102179,6469,1826,33834,52561,7479,6399,1760553,31754,6598,3803,29911,5856,5697,46246,3899,5456,72356,7344,19059,8106,13708,8312,9423,14492,15043,256771,17723,1752,6547,42259,22955,6488,13392,265888,8260,7453,6745,4900,4881,20727,179,4537,281046,417,24027,6121,16406,71073,5608,5718,11615,134792,4022,5769,7760,5570,21139,9232,14001,20339,12361,4449,37150,13496,15500,22224,18574,8304,10666,5593,6633,62769,5075,12328,23737,8590,8501,3032,21091,8765
2020-Oct,25147,11931,19708,5440,1242,12331,2782,846,66025,46959,240,3326,23429,3819,4004,14816,1554,8905,4643,33927,28541,6645,4213,352232,11151,47766,1356,26776,8679,50734,240,3447,130452,23644,3569,20358,101603,6954,1533,34470,52642,6192,6551,2154706,26211,6782,4371,21109,4467,5581,41732,4188,5792,175350,8726,18608,5103,14924,11719,10153,8971,15638,199066,20223,2592,8574,36653,20175,6735,13470,240490,8196,8032,7521,4735,5383,19990,61,4688,236486,244,32687,6390,14427,67540,5764,5567,13678,161276,4179,4443,8314,6066,23220,8661,17302,20267,11219,5664,36520,15463,14351,24637,12255,7954,10505,5637,6184,47822,4461,10126,11601,8600,9189,3192,19736,9987
2020-Nov,56159,10913,38895,6350,2417,12948,3043,480,63800,48809,480,3808,20126,3720,3780,19717,1496,9548,4705,35608,70459,9860,3909,192211,10600,58864,1587,26648,8677,49389,122,3219,107587,23019,4127,26743,104391,7031,2960,33181,49995,5440,6402,1623219,27124,6690,4574,21809,4507,6378,56446,5090,9995,368193,7979,22388,5562,19106,12486,10609,6999,15989,96132,16987,3307,6003,37661,21961,6480,14518,268512,8352,8478,9466,4770,5924,20084,0,4749,228414,800,19538,6291,14395,72252,6401,5486,8203,159184,4107,4119,7787,6868,21915,9554,14295,24174,11327,6106,33146,16566,14095,23691,11892,7994,11218,6976,6440,55088,4499,11587,10168,9085,8404,2800,19754,11555
2020-Dec,36216,11706,26614,5618,1526,15151,3598,0,71300,48083,177,3865,19750,3668,4292,18499,844,10197,5254,36734,36368,6575,3426,337791,11215,67128,2607,28789,12361,51528,59,3066,129892,24808,4517,23079,121644,6785,2878,33571,62301,4637,6934,1327242,25189,7054,4728,27157,4298,5979,49108,4018,6522,36436,8941,24331,5861,15890,14040,10918,7395,16892,56088,14123,3229,4020,39548,21320,7363,13931,397102,7747,8923,9634,4907,6938,19316,59,4887,197551,551,19531,6034,16442,58965,5625,5446,7555,116408,4405,4089,7994,7613,27418,9424,17042,27463,14426,6603,36453,18671,15032,22348,21631,7917,11251,6375,5926,44619,4892,12079,10933,9549,9254,2733,19046,8672
