,大东海住宿,东山羊,分界洲岛,凤凰机场,海口机票,海口免税店,海口租车,海南鸡饭,海南景点,海南芒果,海南气候,海南水果,海南特色水果,海南天气,海南土特产,海南椰子,海南自驾游,美兰机场,南山文化苑,热带天堂森林公园,三亚别墅,三亚大东海,三亚地图,三亚度假村,三亚凤凰机场,三亚公寓,三亚攻略,三亚海胆,三亚海钓,三亚海景公寓,三亚海棠湾,三亚海鲜,三亚机场,三亚景点,三亚酒店,三亚旅游,三亚旅游地图,三亚旅游攻略自由行,三亚旅游景点,三亚旅游团报价,三亚旅游租车,三亚美食,三亚美食街,三亚免税店,三亚南海观音,三亚南山,三亚南山寺,三亚南湾猴岛,三亚汽车租赁,三亚潜水,三亚特产,三亚天气,三亚天气预报,三亚天涯海角,三亚万豪度假酒店,三亚西岛,三亚西岛民宿,三亚希尔顿酒店,三亚香水湾,三亚星级酒店,三亚亚特兰蒂斯酒店,三亚一日游,三亚游艇,三亚租车,天涯海角,文昌鸡,文昌天气,蜈支洲岛,蜈支洲岛攻略,五指山酒店,五指山天气预报,亚龙湾热带天堂森林公园,呀诺达雨林文化旅游区,椰梦长廊,
,Accommodation in Dadonghai,Dongshan sheep,Boundary Island ,Phoenix Airport,Haikou air ticket,Haikou duty free shop,Haikou car rental,"Chicken Rice, Hainan Style",Hainan scenic spot,Hainan mango,Hainan climate,Trop Fruits ,Hainan special fruit,Hainan weather,Hainan local specialty,Hainan coconut,Hainan self driving tour,Meilan Airport,Nanshan Cultural Garden,Tropical Paradise Forest Park,Sanya Villa,Sanya East China Sea,Sanya Map ,Sanya Holiday Resort ,Sanya Phoenix Airport ,Sanya apartment,Sanya strategy,Sanya sea urchin,Sanya sea fishing,Sanya seascape apartment,"Haitang Bay, Sanya",Sanya seafood,Sanya Airport ,Sanya scenic spots,Sanya Hotel,Sanya Tourism,Sanya Tourism Map,Sanya tourism strategy free travel,Sanya tourist attractions,Sanya Tourism Group quotation,Sanya Travel rental,Sanya cuisine,Sanya Food Street,Sanya duty free shop,"Guanyin, South China Sea, Sanya","Nanshan, Sanya","Nanyan temple, Sanya","Monkey Island, South Bay, Sanya",Sanya car rental,Sanya diving,Sanya specialty,Sanya weather,Sanya Weather ,Sanya ends of the earth,Sanya Marriott Resort,Sanya West Island,Sanya West Island Accommodation,Sanya Hilton Hotel,Sanya perfume Bay,Sanya Star Hotel,Atlantis Sanya Hotel,Sanya one day tour,Sanya yacht,Sanya car rental,the remotest corners of the globe,Wenchang chicken,Wenchang weather,Wuzhizhou island ,Wuzhizhou Island strategy,Wuzhishan Hotel,Weather forecast of Wuzhishan,Yalong Bay Tropical Paradise Forest Park,Yanoda rainforest cultural tourism area,Coconut Dream Corridor,5039
12-Jan,879,4754,9089,7661,4597,13538,7639,21286,8138,4496,5790,9661,3345,84533,2417,3279,6894,17893,2579,4339,3696,7225,36213,3322,9480,2950,9818,0,3249,2373,7556,6969,10552,11881,36037,89230,8706,0,18084,0,1800,9054,1500,33298,6191,6197,9754,4203,4020,6331,8551,145455,50529,8501,6172,8546,0,6594,3058,1151,0,9906,3582,14621,36493,7118,5219,27057,9514,1686,5075,13732,4515,5138,
12-Feb,1126,4486,9673,7634,4043,9361,5679,20924,7366,5221,5958,10722,3753,76340,2306,4065,4583,12900,2668,4280,4128,7069,39823,3711,8980,3245,11082,0,3207,2339,7691,7985,9650,11874,26698,99399,8712,0,17841,0,1542,7400,943,32524,7087,6206,8948,4086,3269,6408,9086,130915,45003,9113,7020,8435,0,7105,3441,1803,0,10201,3501,11385,39587,6857,5642,29473,9483,1673,4692,14661,4710,5552,
12-Mar,810,4770,9923,7637,4031,8183,6198,22684,7939,5492,6083,12272,3936,77008,2512,4594,4660,10095,2963,4504,3796,7342,36510,3505,8275,3047,11008,0,3025,2500,7712,6492,9696,11683,31845,83117,7692,0,15629,0,803,7940,1218,36783,6637,6391,8118,3444,3228,6429,9754,120035,47696,9022,7298,7757,0,7945,3211,1126,0,9429,3620,10679,39991,7668,6320,29423,8926,1587,4264,13839,4480,5020,
12-Apr,315,4488,8961,6567,3480,7138,5886,21328,7561,5243,5279,9495,3672,47200,2072,4721,4744,9887,2734,4103,3552,6412,31954,3069,7644,2655,9029,0,2558,1374,7478,6310,8517,10149,28198,74993,6702,0,12865,0,679,7190,650,27508,6127,5662,7826,2840,2613,5983,7643,70425,35138,8720,6185,7664,0,6641,2168,1230,0,8032,3404,8810,38064,7153,3680,24708,8164,2116,3986,12063,4433,5196,
12-May,558,4667,10946,6411,3611,6608,5313,22812,7031,5707,5246,7922,3178,34466,1910,4645,4152,8810,2604,3555,3427,6516,31375,3336,7540,2593,8979,0,2892,1517,7416,6172,8110,9217,23706,68464,6433,0,10858,0,688,6989,656,20466,6018,5329,7275,2414,2824,6021,7394,61904,27737,8225,5792,7350,0,6772,2080,1050,0,7668,3296,9268,39026,7249,2662,25190,7813,2073,3990,10944,3860,4712,
12-Jun,61,4519,7904,6733,3562,5763,5101,22900,6841,5093,5989,6854,2365,36454,1781,3954,4481,8682,2093,3751,3222,6502,29690,2652,9114,2598,8452,0,2912,1953,7244,5761,9979,8864,20433,75605,6003,0,10784,0,802,7005,1088,18282,5859,5034,6763,1567,2290,5910,6801,72225,34085,7855,6002,6762,0,6378,1929,1109,0,7580,2896,9020,37068,7205,2991,22462,7550,1684,4182,10124,3431,4923,
12-Jul,321,4675,9588,6954,4099,5932,5817,44354,8041,5168,6691,7091,3118,50843,2301,4471,5107,10666,2791,4352,3791,6835,31841,3561,9080,2558,9250,0,2908,1850,8295,7418,8823,10328,24256,90841,6741,0,11536,0,1346,7589,1793,20378,5589,5317,7129,2726,2972,6689,7078,84931,40577,7834,6615,7491,0,6887,3341,825,0,7704,3639,9552,40341,6494,2849,29279,8565,2865,4143,10808,4048,5119,
12-Aug,433,4680,9234,7858,3857,6555,5674,25502,7305,4920,5468,6880,2690,55038,1753,4270,4919,11217,2947,4328,3628,6851,32315,3583,10449,2612,9232,0,3025,2154,8616,6098,9767,10506,26242,58828,6925,0,11052,0,1035,7632,1878,23547,6171,5507,7851,2825,2841,6772,7752,84682,41349,8337,6646,7574,0,6518,3219,888,0,7750,3738,11763,39735,6879,2752,26420,9108,2311,3943,11906,4787,4901,
12-Sep,312,4622,8659,6507,3675,6155,6219,23176,7744,4294,4926,6722,2676,43795,1950,4073,5885,8554,2455,4010,3590,6266,30650,3169,7854,3015,8121,0,2873,2076,7238,5700,7756,9939,23448,43136,6718,0,11062,0,1103,6910,1869,23566,5399,4988,7580,2067,3183,6092,7533,78172,41414,7260,5309,6797,0,6015,2836,1148,0,7699,3691,13202,37801,6743,2387,23759,8601,2745,3634,10351,4950,5477,
12-Oct,686,5174,9644,7919,3560,7784,5903,25320,7855,4289,5439,7572,2872,66577,2208,4461,4890,10319,3269,4341,4094,7562,33990,3692,10918,3761,8742,0,3692,1388,8137,5980,10776,11620,24733,48400,7062,0,13017,0,794,8089,1861,33189,6189,5848,8297,3171,3260,6386,8319,115247,49647,8404,5688,7798,0,5941,2920,1077,0,8978,4096,13917,40007,7932,2888,31526,9945,3323,3993,12909,5213,5462,
12-Nov,317,5590,9334,6937,3851,8888,6969,22472,7790,4044,5758,9354,3574,78873,2938,4306,4486,10351,2925,4458,4110,7535,34963,4050,9127,4381,9498,0,3576,2071,9425,5951,9241,11395,27668,54786,7317,0,13555,0,944,8292,2170,41652,6034,5728,8278,3233,3324,6288,9998,142898,52081,8293,5836,7734,0,6231,3568,1603,0,9912,4060,12913,39050,7827,3677,28859,10153,2534,4181,13053,5536,5764,
12-Dec,376,6130,9901,7871,4342,8622,9617,21410,8539,4132,6083,10988,4132,112041,3011,4041,5601,12037,3412,4656,4375,8195,37339,4171,10464,4560,10189,0,4127,2807,9644,6332,11781,12184,31609,82519,8861,0,17539,0,1335,9086,2151,40679,6276,5651,8788,3592,4142,6730,10588,205772,59568,8340,6217,8106,57,6652,3494,1385,0,10239,4496,16206,38173,8005,5649,29260,10512,2450,5681,13924,5952,5915,
13-Jan,497,5550,11421,8124,4352,9010,8628,22494,8899,4555,6014,11832,4100,105398,3367,4046,6996,13072,3789,4810,5141,9000,40094,4111,10659,4741,10778,0,4253,2646,9520,6680,11560,13703,38978,64159,8951,0,19015,0,1150,9656,1991,45602,6476,5943,9301,3888,4066,7073,10744,211228,59880,8468,6456,8851,63,6791,4166,1951,0,9270,4223,15664,40437,8867,6219,34762,11678,2360,6745,14843,5456,5856,
13-Feb,632,4509,12673,8034,4104,9919,7217,20050,8272,4098,5147,10557,3273,72524,2868,3590,6269,13635,3022,4419,4676,8980,37691,3787,10756,4381,9791,0,3837,2350,9539,6658,11564,15330,36866,75642,7521,0,18113,0,1671,8871,1714,46533,6801,6205,10587,3965,4019,7441,8947,159411,45068,8110,5695,9671,0,6264,3959,1093,0,9140,4135,13669,41003,8183,5129,37378,12700,2672,5749,14876,5412,6276,
13-Mar,561,4877,11478,8467,4135,8172,6529,23240,8150,5541,5567,11728,3905,66049,1988,5374,4761,11686,3161,4782,4756,8427,38832,4018,9637,4059,10149,0,3890,3145,10147,6542,10797,12920,28905,58960,7946,61,16608,0,1185,9008,2115,43911,6952,6168,9629,4093,4209,6774,10376,159290,38924,8873,6055,8649,0,6722,4023,2049,0,9856,4285,12716,42122,8156,3578,37450,11959,1776,4498,14892,5462,5916,
13-Apr,679,4806,12671,8091,3870,7821,6502,21656,7988,4987,5273,10035,3573,58267,2047,4985,4959,11429,3054,4524,4480,8010,34817,3651,8261,3707,10532,0,3624,2400,9273,6056,9547,12419,19080,53750,6903,0,16240,0,412,8199,2040,27409,6595,5654,8655,3189,3442,6657,8792,144303,32941,8616,5656,8048,0,6830,3858,1557,0,8470,5302,11814,42310,7444,3594,35510,10876,3004,4553,13455,5090,6181,
13-May,944,5193,11995,7543,3791,7401,6103,20214,7389,5155,5202,8591,2700,50176,1910,4936,4669,11003,2307,4580,4670,7953,36207,4322,8176,3333,8304,0,3778,2087,9496,6170,9307,12945,19809,54788,6582,0,11945,0,994,8358,2060,30324,6181,5395,7822,3014,2937,6543,8519,132253,30473,8525,6420,7809,57,6908,3647,1837,0,8080,4322,11316,43005,6708,3160,36609,12513,3608,4332,14646,4466,5815,
13-Jun,682,4797,11254,7631,6028,5864,5947,20168,6759,4504,5461,7602,2935,58474,1912,4241,4555,11326,2346,6664,4242,7204,36723,3965,8978,3193,7408,0,3601,2457,8431,6224,10160,24662,19242,49171,6063,0,11180,0,531,7896,1892,28087,5621,4948,6956,2719,3212,5926,7399,126522,34647,9053,6394,8690,0,8763,3046,1382,0,6701,6337,10060,39960,7039,2935,40501,18401,2902,4416,17800,4623,5957,
13-Jul,2643,4888,13621,8777,7214,6451,6407,21380,7778,4335,5595,7640,2659,65008,1216,4361,5221,12737,2009,7653,4263,7490,36746,4346,9410,2490,8446,0,3539,2097,9434,5896,10306,14803,21105,56037,6751,0,12150,0,654,8264,1746,28913,5783,5355,6976,3276,3061,6568,7577,132175,50046,10139,7451,9691,0,10429,3260,1275,0,7584,7184,11114,40165,7060,10141,40965,18165,2650,5221,17711,4697,6090,
13-Aug,1786,5065,13012,9165,7547,6776,7116,22102,7616,4467,5128,7950,2178,90423,1711,4274,4953,16265,2330,7968,4506,7887,37002,4815,12153,2204,8778,0,3688,1372,10543,5887,12352,15109,23424,54370,6741,0,12271,0,2105,8532,2019,34756,6388,5655,7712,3573,2970,6623,7841,146551,46147,10468,6765,10003,0,10819,2866,1291,0,7727,7699,12190,41996,7886,12165,41075,17995,2601,5024,18383,4613,6030,
13-Sep,1170,5172,12486,8642,6872,6399,6860,20784,7913,4400,4644,7204,3031,64603,1710,4210,5376,12436,2223,8092,4094,6929,35769,4294,10804,3030,9110,0,3406,1998,9758,5524,10835,13302,23123,52737,6842,0,13224,0,2420,7822,1642,35365,5739,5191,7860,2840,3385,5919,8041,128937,42332,9595,5683,9535,0,9394,2907,1034,0,7161,7546,11793,44536,7590,11347,34703,16221,2690,4671,15355,4094,7116,
13-Oct,2178,5731,15776,8819,7114,6827,6548,23754,8047,4291,4969,8058,2871,67076,2518,4211,5011,12762,3590,8250,4387,7663,38293,4059,10047,3783,8573,0,3672,1612,9985,6009,10734,16889,23045,55225,7120,0,14741,0,2885,8692,2305,40341,6477,9983,8961,3426,3257,6025,8741,133953,43217,9957,5885,10194,0,8912,2864,959,0,8538,7738,12165,51246,8483,11967,40748,15612,2466,5020,17739,4533,6841,
13-Nov,1901,5911,11786,10100,4410,6837,6427,21054,7466,3743,4825,9223,3230,93147,3120,4127,4782,14208,3638,4951,4325,7281,37469,3888,12551,3499,8694,0,3634,1771,9251,5679,13747,12162,22514,54309,6612,0,14156,0,2314,8251,2223,39639,5976,13039,7880,3077,3393,5655,9252,208895,56505,7463,6098,7486,0,6661,2642,1496,0,8037,4976,12721,46820,9171,15725,39451,11431,1275,5664,16425,3573,7412,
13-Dec,1534,6645,13353,9105,5070,7873,8850,22836,7923,4352,5366,11695,4001,113618,2515,4368,5930,14366,3141,5409,4693,8784,44136,4245,10000,4238,9952,0,3919,3615,11484,6302,12007,13690,36115,66370,7592,0,17664,0,2714,9766,2359,45249,6378,5750,8879,3419,4115,6166,10355,264253,58647,8018,7096,8377,0,7730,3241,1734,0,8922,5128,16542,46888,9660,21463,47256,12673,2287,6250,19003,4387,8395,
14-Jan,1872,5696,17884,9758,5576,8616,11004,20916,8793,4290,5109,12612,3600,95467,2239,4270,8304,19517,2518,5694,4748,9140,45449,4107,10536,4254,10242,0,4280,3348,12870,6575,12150,19144,43898,70570,8007,1875,19511,0,2438,10599,2424,47487,6269,6452,10064,3955,4119,6878,9891,222246,52983,8400,7028,9610,0,9387,3299,2129,0,9893,5442,18813,50573,9656,23273,52517,14905,2459,5142,22740,4715,9257,
14-Feb,2597,5153,24587,9661,4632,9999,8607,21776,8209,4103,5035,12073,3558,118456,2381,4523,6647,18140,3320,5085,4789,11572,45889,4074,10810,3816,11093,0,3851,3006,18758,6371,12583,20250,42054,82964,8393,7563,24377,0,2673,11540,2423,50609,6993,7649,11691,3747,3849,6906,10613,328240,60780,9152,7216,10658,0,11106,3659,2188,0,10529,6533,20229,51611,9616,25985,55524,16342,2631,5243,27854,4892,8877,
14-Mar,2002,5398,18258,10023,4385,7911,7057,24366,7402,5414,5138,12622,3890,72073,2889,5775,4830,14231,2403,5058,4859,9326,42687,4102,10278,3193,10746,0,3412,2434,11705,6644,12087,15868,30876,65563,7691,8737,18695,0,2151,10016,2724,47239,6772,6987,10284,3565,3626,6564,10910,182474,45823,8715,7107,9107,0,9651,3477,1885,0,9262,8250,15481,55476,9037,20709,54328,14579,1985,4138,21765,4469,8236,
14-Apr,2051,4794,17374,8975,3838,7826,7593,23904,7619,5446,4833,10651,3603,55630,2639,5517,4759,12961,1639,4667,4544,9346,34501,3926,9244,2598,10287,0,3204,2198,11495,6177,10638,13841,22856,58597,6430,8546,17820,0,2168,9042,2579,43229,6267,6361,8838,2360,3071,6400,9189,124913,32586,8660,7370,8115,0,9537,2510,1497,0,7730,9674,13510,52565,8900,16210,51620,12906,2474,3800,18458,4005,8433,
14-May,1846,4981,16693,8771,4161,7363,7248,25888,7511,5728,5124,10183,3338,56225,3090,5039,4738,12236,1719,5163,4612,8982,33457,3933,9388,1828,9997,0,3588,2058,11710,6440,10410,13588,23654,55471,6757,10185,17083,0,1522,9216,2762,42212,6645,6550,9040,2710,3243,6637,9585,122599,35604,8746,8123,8595,0,10706,2924,1769,0,7797,9310,14111,53356,8565,14246,49523,12321,2528,4309,17392,4783,7522,
14-Jun,2063,4836,15537,8497,3742,6899,7003,24152,7119,4836,5384,8772,3101,48587,2554,4424,4875,11624,1230,4621,4641,8465,30859,4208,9393,2780,9096,0,3311,3056,11372,6213,9839,12762,22232,52431,6178,11524,19240,0,1465,8334,2388,31975,6387,5648,7519,2515,3292,6443,7394,117348,34201,7998,8166,7920,0,11984,2649,1320,0,7215,6995,14128,52421,7872,11903,47035,11147,2639,3310,15175,6659,8322,
14-Jul,2004,4876,19926,10385,3848,6936,7829,27484,8324,4663,6292,8706,3074,88705,2670,4325,5531,16777,1121,4816,4832,8992,33116,4371,13455,3338,9466,0,3694,3221,13113,5933,13443,14242,23824,60724,7265,14928,25498,0,1644,9105,2449,31570,6885,5941,8373,3155,3659,6898,7349,195630,48948,8535,8897,8611,0,14862,3428,1315,0,7860,7086,16325,54670,9091,15103,53036,10708,3171,4347,18350,7469,9346,
14-Aug,1672,5053,20192,9244,4889,7909,8588,48728,7792,4577,4992,8588,2624,50517,2380,4684,5564,13939,1682,5083,4895,9072,36248,4568,11108,3884,9686,0,3636,3806,14674,6300,11284,14186,24159,51982,7316,14080,19047,0,1142,9331,2410,37894,6692,6557,8512,3574,3814,7044,9015,141051,41376,8875,8739,9770,61,13586,3401,1689,0,8364,6241,16487,51184,8915,11416,52772,10121,3088,3691,20719,8003,8757,
14-Sep,1319,5642,17846,10359,4617,9136,8980,37870,7732,4522,4721,8277,2367,68917,2147,4446,5781,16654,1874,4848,4579,8472,35204,4066,13125,3512,10054,0,3533,3141,14442,5984,13770,13623,21139,51678,6685,13200,17243,0,802,8962,2304,49088,6727,6268,8277,2259,3761,6294,9449,170193,46499,8543,7268,8879,0,10459,3228,914,0,8314,5289,16532,49240,9133,16396,49231,8982,3240,3607,18228,7454,9405,
14-Oct,1626,6268,21415,9761,5145,9638,8687,31076,8402,4707,5186,8972,2581,58851,2319,4697,5564,15243,1589,5543,5175,9891,40873,4230,11341,4315,10450,0,3952,3587,14126,7285,12584,17476,22718,53170,7048,16597,24567,0,1070,9957,2295,48301,7588,7133,9729,3557,3987,6613,10876,176893,41524,9912,6559,10403,0,9722,3124,1430,0,8960,5415,17387,51197,10440,17578,54427,9788,2780,4094,20582,6283,9255,
14-Nov,1818,6841,19124,9304,4790,10246,9256,27500,8177,4640,5302,11173,3140,93915,2516,4542,5377,15963,1907,4902,5090,9528,42543,4281,11304,4074,9968,0,3898,3515,13416,6433,12314,15624,23693,51765,6547,16455,24229,0,1058,9887,1816,45231,6893,6826,9375,3104,3573,6079,11690,233210,53425,9257,6355,9256,0,9546,2984,1319,0,8861,4755,18974,47711,10120,23089,52412,9146,1320,4817,20540,5754,8872,
14-Dec,1996,7234,19936,9777,5164,11749,11706,27862,9177,4906,6040,14499,3639,148242,3071,4771,6503,18374,2168,5082,5756,10227,49831,4372,12737,4364,10970,0,3567,3959,16178,7397,13841,18217,30219,68641,7467,21158,31936,0,1270,10829,1900,50584,7198,7117,10508,3404,4608,6706,13166,445616,98786,9508,7013,9322,0,12610,3374,1472,0,11032,4841,22021,49995,11141,34732,55053,9307,2173,6727,23601,6697,9197,
15-Jan,5193,6624,26578,9891,5265,12483,12474,28078,9918,5286,5648,17137,3874,130437,3139,4962,7978,20953,2225,5283,6070,11692,52018,4758,13223,4230,11229,0,3822,3543,18045,7150,14155,20896,32383,88186,8312,26244,33371,0,1055,11488,1438,55067,7331,7464,11515,4258,4491,7172,14089,410068,95575,10485,7360,9545,0,14510,3988,1310,0,10161,5115,22883,50225,11371,31267,57685,9935,2239,5508,25652,6289,8865,
15-Feb,2205,5825,32478,9796,4713,15851,11860,24920,9320,4705,5073,16170,3525,113289,2377,4283,8318,28341,2216,5065,5534,11395,42777,3993,13605,3806,10400,0,3849,2649,16121,6288,14765,22291,32152,75135,7479,24989,36013,0,1008,10373,2039,57889,7811,8042,11986,4087,2827,7185,11026,319773,70913,10049,6513,9822,0,10200,3676,1267,0,10226,4668,22128,46602,11649,28045,57896,9407,2120,4787,26621,6899,9806,
15-Mar,2057,5706,27854,11178,5233,14149,8811,31350,8898,7345,6045,16359,3533,95817,2410,6089,5218,23190,1910,5346,5903,11535,49085,4274,15014,2836,12281,0,3811,2310,16209,6875,15285,20258,30775,116869,8476,33358,41125,0,1692,10568,2111,55070,8595,7687,11147,3513,3480,7137,13314,286323,56260,11392,7811,10400,0,11873,4039,1694,0,9294,5031,20157,52630,11486,22074,57226,9896,1781,4216,26008,6374,8578,
15-Apr,1962,5263,23476,9488,4720,11168,8944,27824,8370,7990,5235,14174,3389,75704,2011,6417,4954,16742,1740,4999,5109,9729,36753,3731,12887,3200,9144,0,3294,1679,12538,6428,12915,15122,24187,67827,6707,32028,63538,0,878,8828,2118,41933,8382,6783,9597,2649,3046,6696,11745,238593,50167,9935,6808,9123,0,9831,2958,1425,0,9126,4650,15178,47754,10840,24104,51548,8276,1783,4562,20725,5421,8508,
15-May,3339,5247,20699,9710,4724,10061,8890,33834,7969,6880,5177,12647,3100,46122,2055,5906,4569,16646,1171,4832,5350,9682,32261,4025,13436,4334,8977,0,2923,1187,12311,6801,13146,13785,24124,38024,6234,37748,58768,0,1464,8773,1800,40319,7634,6585,9203,2127,4246,6601,11318,231316,40468,9817,6755,8871,0,9616,2590,1449,0,7677,4774,15480,47170,10295,21044,51421,7983,2141,4148,18862,5761,8033,
15-Jun,2690,4905,19202,11097,4550,9599,10715,30448,7508,5736,6100,11331,3147,55382,1852,5632,4647,19969,865,4441,4911,8867,30166,4206,16439,5220,8620,0,3173,739,12069,6556,14631,13084,24469,47268,5880,33047,55010,0,2045,8706,1686,36402,7308,5900,8400,2071,5859,7311,10250,343991,45974,9257,6959,8223,0,9974,2363,1187,0,6920,4506,15290,46174,9587,20070,50298,8073,2291,3780,17275,5414,8825,
15-Jul,1693,5298,25618,10889,4440,9543,11426,32782,8805,5171,6121,11103,3196,83630,1927,5192,5348,18961,868,4895,5993,10052,34904,4502,15951,4861,9456,0,3438,2447,14771,6213,14927,15576,26900,54893,7363,42453,77101,0,3261,9512,1881,38330,8868,6281,9736,3194,5409,7962,10659,514365,75406,10638,8625,9420,0,11935,3358,1104,0,7769,5434,18700,52682,10476,27484,57165,9622,3294,4965,20318,6257,9221,
15-Aug,1057,5574,29488,10253,4933,9362,15337,36592,8294,4901,5344,11549,2821,63227,1483,5115,5553,18445,808,5021,6857,10089,35266,4478,14007,6194,9310,0,6920,1993,14896,6307,12895,14891,23924,51453,7431,40760,68367,0,3092,9880,2009,41727,9115,6669,9960,3001,6203,7543,11115,379119,58209,10471,8031,9538,60,13191,3253,1117,0,7725,6175,20701,54582,11090,21234,60784,8878,3100,4085,21536,5735,8215,
15-Sep,495,5490,21251,9421,4588,9042,13778,30196,7537,4885,4878,10303,2545,55331,1504,4693,5894,17286,735,4705,8678,8484,29834,4148,12895,5476,8547,0,10445,2214,11275,5755,12042,12579,17951,39068,6231,33978,50362,0,559,8275,1489,39083,8168,6157,8777,1587,5354,6128,10238,388698,58343,9610,6452,8186,0,9347,2561,1077,0,6341,5538,17889,51915,10334,25497,49794,7766,2176,3925,18551,4602,9223,
15-Oct,1438,10001,22954,10564,4872,10663,10405,34434,8119,5038,5145,11020,2743,95347,1840,5040,4974,20954,1208,4368,7380,9380,35244,4295,14841,5544,8304,0,5440,1604,11541,6859,13906,14479,18480,38753,7173,43765,61975,0,1181,9285,2265,40836,9087,7672,9639,2366,4812,6127,12073,445939,69453,10042,6293,9546,0,9200,2868,1458,0,7067,5926,17186,57872,11385,32692,52975,7153,2196,4839,21592,4667,10715,
15-Nov,1517,8149,23091,9755,5356,12262,10639,31478,8258,5099,5807,13443,3168,132072,2308,5003,4916,20426,1836,4387,7436,9331,40681,3995,13359,6094,8154,0,4532,1966,12840,6459,13177,14604,19403,46672,7657,44656,59674,0,2200,9480,1588,41536,8345,7597,9205,2637,6195,5855,13644,459158,71970,9347,6847,10045,0,10052,3105,1676,0,7672,5540,19089,61271,11585,31542,56709,6994,2583,4980,22699,4998,12182,
15-Dec,1922,7970,25550,11260,5832,13754,13453,30860,9386,5171,6743,17479,4002,161621,2593,5083,6247,25685,2544,4718,8866,10435,47601,4860,15277,5976,9207,0,4028,2544,16132,6637,14820,16580,23414,53907,8009,44872,75662,0,1319,10185,1340,45833,8373,8207,10128,2666,5537,6596,14136,668536,111222,9858,7211,11318,0,11853,4133,1447,0,8479,5041,25517,69155,12681,50419,66625,7652,3277,6485,28107,7848,13738,
16-Jan,1538,7122,29207,12248,6915,13513,15928,28556,9848,5595,6627,20147,4271,276860,2152,5031,9365,31506,2007,4832,10222,11047,49515,4584,16014,5557,9351,0,4519,1926,17122,6692,15387,17911,25157,55537,8238,41333,75947,0,1387,10149,1625,44802,8437,8976,10581,3478,5238,6639,12753,1079347,229460,10613,7667,12284,0,12622,3947,728,0,8354,5903,29128,75895,13136,66987,75812,7266,3481,8625,32375,7397,16871,
16-Feb,3531,6057,40761,11014,6329,19753,18258,30198,9510,5310,5421,16530,3140,152116,1516,4820,9323,27236,1767,4637,11618,12818,44052,3547,16327,4738,10169,0,3737,1368,15854,6117,15156,22003,26909,51167,8086,37635,87055,0,433,9679,2012,61079,9606,11043,16528,3653,4956,6453,10597,695824,211543,12869,6859,13888,0,13323,3761,1195,0,8427,5091,29209,69890,12850,65617,83768,7181,3026,7863,32233,13137,15535,
16-Mar,1512,5621,31409,10784,5383,14500,34221,33272,8137,8057,5339,17779,3853,111518,1582,6300,5946,21119,1805,4682,8128,10646,42559,4067,15512,4143,10611,0,3463,1050,13420,6272,13467,18220,19440,49375,7463,38490,74449,0,375,9241,1525,51446,8585,9576,12223,2608,4720,6332,11560,483933,146590,10690,6930,12140,0,12728,3548,686,0,7596,5241,20964,74113,12029,46403,72692,6789,1362,6621,32662,10039,13481,
16-Apr,927,5192,24175,9491,4020,11572,49709,31550,7507,7005,4875,13802,3029,72003,825,6128,5117,18809,1249,4399,7041,8505,31198,3822,13572,3639,9022,0,3617,807,11526,5639,11951,15754,16315,56854,6277,34197,47315,0,310,8280,1652,43642,7303,7174,9726,1753,3426,5851,10227,320208,70601,8704,6709,9967,0,11743,3190,491,0,6595,5478,22071,79567,10760,31445,61971,5951,1931,5116,31403,8235,15240,
16-May,737,5097,21557,9846,3351,11765,25772,41188,7885,6418,5059,12192,2967,65094,1009,5756,5466,19716,558,4246,6332,10138,31740,3813,13255,3591,10260,0,4896,378,11753,6562,12650,20516,21085,84784,6711,31143,48186,0,270,8745,1301,42895,7356,7855,9665,1475,4165,6216,11340,338562,57586,8945,7524,11096,0,12667,2619,1012,0,6600,5491,25631,94387,12234,25869,68144,6208,1462,4704,33929,8365,14695,
16-Jun,1224,5126,19992,9049,3174,11272,12371,34292,7296,5269,5575,10420,3073,72537,1560,5108,4656,18132,866,3779,6754,8299,25275,3383,11943,3979,7515,0,4511,491,11166,6947,10771,18817,19513,77295,5819,28569,26395,0,813,7664,741,35754,6781,7221,8398,1395,4712,6540,9767,289867,51081,8315,7417,10256,0,14600,1901,1399,0,7171,4869,12453,91038,11241,24828,63191,5884,2109,4147,33058,7634,17478,
16-Jul,691,5607,25358,9938,3854,10527,10462,36380,8432,5386,5703,9846,3078,88243,813,5326,5251,20972,505,4351,11390,9027,27821,3818,14750,4403,7200,0,3731,872,13149,5526,11792,13691,18771,72204,6539,36056,25318,0,495,7889,759,35893,8159,8119,10348,1374,4383,6821,9236,367627,55668,8759,7958,11739,0,17642,2936,836,0,7689,4904,13284,107969,10487,22129,77307,6666,2214,5138,34286,8958,17273,
16-Aug,568,5102,27472,10354,3329,12240,9879,38160,8027,4788,5109,9499,2657,96013,870,5133,5247,22428,559,5822,13034,9038,31504,3842,15963,8328,8012,0,3675,1317,13693,5971,12380,13727,17191,50046,6922,35006,23208,0,626,8084,1342,40117,7891,7778,12161,1386,3819,6532,9643,357344,74297,8798,7754,10963,207,17290,2578,2689,0,6814,4807,14773,84873,11778,27069,72238,6837,1470,4833,30686,8768,14826,
16-Sep,687,5511,26082,9584,3355,12449,10597,36578,7711,4664,4950,9568,2572,68037,813,4917,5407,19481,623,9745,12363,8548,29964,3831,12988,5346,7635,0,3359,1776,12807,5244,11541,13459,16671,44293,6557,28448,21745,0,866,7888,1340,39396,7405,7491,10047,752,4001,5579,10122,314615,65851,8556,7048,9110,0,13144,2467,10598,0,6293,4861,18038,69373,12562,24518,51751,6361,1847,3619,24629,7486,16336,
16-Oct,746,6364,29711,10614,4319,15186,10430,38692,8426,4504,5650,9982,3032,150703,799,5236,5137,23166,1382,11947,17650,9004,35113,3975,15596,5263,7234,0,3930,1826,12834,5319,14480,14578,16160,45369,6764,29928,27447,0,690,8706,1370,44010,8317,8745,12824,1133,4221,6323,11874,517565,114271,9247,6824,9446,0,14115,2738,9515,0,7158,5304,16262,85085,13884,34804,60788,5793,1643,5377,25528,8186,15876,
16-Nov,2168,6816,29852,9375,5465,16335,9704,36744,7995,4345,5701,11926,3023,149720,1305,5457,5138,21491,1520,11245,28574,10697,37526,4407,12883,5725,7133,0,3537,1717,15330,5252,13609,14915,15741,45898,6663,24785,25328,0,376,8454,1459,42733,7711,8001,10631,1323,3657,8754,12553,454581,120775,8899,6620,8594,0,14950,3221,2468,0,8086,5159,16270,76077,12776,50677,57356,5628,1442,6474,24751,8437,19160,
16-Dec,2982,6733,35137,10631,5733,24411,12535,37214,8594,4777,6248,15124,3620,147908,1660,5473,6320,25788,1562,12696,26271,9935,46855,4620,15231,9050,8324,0,4209,1950,20153,5804,17948,19336,20760,55532,7416,25535,30700,0,877,9178,1577,49582,8715,8217,11300,2415,2940,8974,13024,535843,141808,9887,7310,9535,0,16400,3960,3305,0,8328,5643,22272,80752,14913,54474,69831,6378,1856,7377,30579,8071,22437,
17-Jan,1806,6110,44269,11621,5643,21791,19449,34908,9862,4283,6445,16420,3256,178223,1145,5630,12413,31371,1019,11984,30351,11014,43611,4425,15869,10803,8589,0,4028,2082,20564,5849,16429,21211,26689,60742,7834,23873,32564,0,504,9282,1730,60375,9593,8742,12454,2997,3154,9378,11658,609791,165733,10358,6867,10589,0,16670,3892,3155,0,8291,5968,31309,89652,16359,72756,84286,6014,1807,8367,32693,8155,23705,
17-Feb,2537,5411,42739,11422,5334,22940,16502,35852,8364,5040,6494,15931,3285,128317,1073,6206,6905,28345,1315,12715,22357,11308,44009,3835,16951,4850,8307,0,3673,1964,21577,5787,15854,22588,21783,50316,8143,24936,30460,0,498,8772,1874,79344,10303,8948,12810,2494,3130,8353,11497,535907,143349,10766,6620,11287,0,17704,3738,2315,0,7935,10557,27169,87377,13980,63197,90444,6262,2304,7863,31627,7881,20250,
17-Mar,2065,5583,41188,11273,5215,19396,11240,37818,9010,7380,6821,18359,3458,111575,1266,7845,7493,28278,1643,10386,15850,10476,46519,4518,15169,4147,9326,0,3610,1296,18410,6523,15250,23336,22175,40435,8279,22494,31229,0,441,9484,2092,74119,10400,8478,11744,2442,2163,6699,14530,476876,97477,11175,6519,9949,0,13364,3862,2470,0,8302,5738,20336,75029,13557,50476,73850,5994,1758,7116,30867,7261,13951,
17-Apr,2189,4799,32470,10178,4102,16152,10083,34122,8495,6951,5817,13378,2810,62775,1304,7442,5024,24973,812,8050,12402,9080,41183,4030,12867,2255,7824,0,3546,623,14764,5503,13438,23472,19608,36889,6852,16771,26835,0,305,8602,2456,61159,8970,7109,9810,1076,1914,7775,12217,320420,58735,9901,6055,8580,0,11047,3026,1948,0,7187,4674,15626,59744,12298,42651,59598,5333,1338,5795,24960,5745,13515,
17-May,2225,4946,31631,10991,3916,17263,11025,35096,8247,6782,6008,12976,3136,56395,892,7222,5039,26241,738,6654,10856,9365,39364,4180,14416,1955,8726,0,3887,630,15063,6134,14014,26291,21440,38315,7477,18873,28690,0,886,8877,2638,66057,9741,7516,9643,1258,1577,8170,12716,308284,51897,10482,6302,9653,0,11611,2983,1081,0,7144,5733,17450,77611,12194,37016,63528,5605,1315,5520,26544,5942,13605,
17-Jun,2413,4887,31225,10474,3774,18228,10676,37894,8309,4939,6490,10734,2852,68307,617,7012,5097,25428,867,6220,8406,8862,34896,3980,13642,3604,8825,0,3884,732,14708,5631,14198,24824,21140,36595,7195,19385,28088,0,445,8237,2612,59428,8885,7167,8760,808,862,7530,11432,348889,52695,10083,6390,9108,0,11589,3184,462,0,7680,5565,14151,85608,12000,40275,66032,5637,1645,5053,25829,5800,12799,
17-Jul,2132,5017,33120,10370,4194,14928,12034,59484,9243,4497,6560,9651,2888,133306,362,7181,5894,25541,1287,7909,8589,9296,34609,4473,14177,2713,8589,0,3965,854,15724,5726,15375,23190,21467,39298,8096,21110,29974,0,662,8765,2837,52875,9389,7571,9434,846,1049,7531,10869,576142,90276,10092,6810,9323,0,12507,3251,2478,0,7686,6295,14690,85628,12604,46454,82172,5945,1416,6259,27791,6099,13736,
17-Aug,1969,5510,35497,11230,3934,18890,12799,54426,8959,4386,5588,10294,2886,87215,981,7683,5976,26392,1341,8464,7631,9383,34730,3948,13271,2792,8606,0,3899,1151,16367,6085,14680,27078,20666,38846,8757,20543,28538,0,723,9393,2915,69668,9975,9974,10755,1118,1227,7199,11700,398350,60035,11717,6524,9655,0,12051,3451,2090,0,7294,6883,17382,94186,14035,37941,91563,6346,2352,5113,28612,6204,11146,
17-Sep,996,5295,30236,10566,4220,18520,9884,41240,8434,4379,5286,9225,2866,68188,557,7114,6159,26159,1119,6597,8285,8082,31758,3548,12764,3775,7949,0,3757,548,12735,5848,13969,21989,16799,40397,7461,16107,24710,0,61,8333,2769,68227,9751,7817,9582,611,4046,5995,11856,370325,47650,9954,4609,8152,950,9143,3279,1452,0,6727,6088,16896,80593,12594,45048,67554,5399,1620,4616,21466,5269,11545,
17-Oct,1149,6657,32104,9864,4695,17371,10472,42920,8978,3855,5819,9394,2624,106163,1119,6864,5614,25508,2019,7292,17016,8422,31520,3899,13092,4738,7933,0,4151,723,13742,5399,13959,21334,16821,40241,7597,15391,27288,0,152,8586,2997,68819,10683,8380,10831,852,3795,5620,11573,440358,72129,10613,4177,8764,476,9219,2922,1403,0,7314,6681,17945,53421,14794,57258,50655,5017,1121,6013,25480,5585,10905,
17-Nov,2227,6889,31967,9368,4612,18693,11138,40784,8457,4514,5979,11561,2929,149730,2143,7031,5028,23347,2127,7207,19513,8963,35220,4026,12790,5132,7906,0,3998,1242,14600,6168,14015,17938,18017,80698,8276,16155,27682,0,303,8511,2248,75017,10312,7795,11181,1218,4378,5280,12763,545677,112933,9566,4022,9106,120,9160,3243,369,0,7650,6214,16989,53227,13640,63948,47887,5038,1364,7575,27865,5964,12131,
17-Dec,3130,7330,34801,9886,4819,27273,11995,38042,9277,4411,6632,13851,3461,178492,3108,7249,6621,27203,1981,8067,21454,12079,39645,4197,13544,4882,8916,0,3849,1692,18269,5197,15286,21526,21636,74439,9089,18698,31124,0,363,9534,2642,81685,11100,8706,12883,1491,4657,5575,14269,657285,147174,10403,4269,9870,0,9725,3898,202,0,7988,6753,17523,62427,15353,69192,54412,5476,1576,10032,31468,7453,12233,
18-Jan,2630,6636,35794,11159,5519,23647,13808,36940,10015,4425,8965,16028,3694,244943,2514,6882,9058,32338,2002,9006,31076,11254,40965,4491,14638,4693,11156,0,4150,2205,19895,5651,16410,27241,25098,135585,9794,20038,31354,0,556,9696,2683,78392,10648,8401,12835,1691,4434,6118,15213,880266,290222,11395,4548,11305,59,10798,3620,421,0,8047,6503,18566,71351,15392,95444,59069,6029,1340,11836,31757,8169,12872,
18-Feb,2107,8021,44149,12112,7374,25619,25342,35058,11627,4118,6453,14718,3019,166582,2632,6418,26136,31601,1487,9057,26420,10618,35871,3650,13624,3823,11205,0,3615,1463,20116,5366,15310,34544,24501,41535,9367,18427,30680,0,970,9497,2774,91389,11805,8739,16343,2577,3424,5700,11525,714648,244215,11463,3985,12159,0,10225,3383,124,0,7454,5610,24759,73360,17426,99436,65682,5600,1419,10502,30519,7585,11134,
18-Mar,1823,5979,34000,10866,4939,23654,15005,36644,8948,6739,6554,16165,3152,95095,2769,9288,5613,29567,2086,7860,35777,9440,36893,3786,12438,3367,11137,0,3427,562,19110,5091,14443,34266,19684,58329,8588,15105,29971,0,767,8806,2717,77477,10482,7387,13295,866,3265,5711,13627,413645,146509,10998,4266,10021,0,11378,3873,358,0,7824,5000,15221,58013,14619,50339,51764,5982,1083,9278,28722,6446,9919,
18-Apr,1473,6986,31691,9711,4190,21895,10980,36678,8901,7630,7093,13337,3161,75793,2360,11262,5978,25805,1189,7056,24919,8251,31150,3633,10898,3520,10327,0,3424,545,15806,5357,12678,32060,16934,51692,7328,13654,27700,0,1475,8187,2786,68929,9509,7297,10828,730,3862,5444,11321,332914,95884,9858,3890,9146,0,8787,3130,177,0,7220,5230,12457,55998,13292,45022,47116,5249,1255,7312,24285,5610,9330,
18-May,1316,5274,27231,10073,4029,20517,10293,36914,8146,7616,7069,11936,3071,47153,2137,10032,5871,24358,1172,6340,15150,7952,27185,3780,11360,3362,10758,0,2868,305,13861,5300,12251,39284,17034,33554,6941,13755,26012,0,61,7885,2906,69077,9061,7998,9458,421,4135,5524,11293,281983,57738,9338,4024,8647,59,8554,2743,183,0,6692,5754,15232,53114,12598,32392,42334,4822,1289,5590,20775,5344,8603,
18-Jun,1885,5203,28801,9261,3627,16731,8716,34672,8535,6329,6962,10034,3078,56320,1946,8118,5566,24967,918,5928,5782,7548,26848,3791,10753,3069,9135,0,2669,421,13761,4709,11950,46994,17655,36853,6791,11789,23696,0,179,7735,2796,52374,8574,7630,7978,427,1373,5605,10662,319231,61542,8990,3453,7842,0,7988,2116,374,0,6028,5882,15509,60867,13154,40686,38436,4350,1206,4983,19995,5030,9467,
18-Jul,1737,4967,32316,9811,4058,15004,9019,38760,9647,5179,6937,9436,3040,72900,2106,8918,6385,23475,1359,6907,5390,9893,24393,3929,11560,2697,8003,0,3854,246,15560,4760,12900,34279,20498,48573,7672,13218,25775,0,181,8116,2739,45972,9409,8326,8592,659,2162,5939,11458,420479,59366,9613,3495,8713,0,9487,2795,557,0,6065,7825,13342,44893,13067,44066,47769,4863,2382,5004,24018,5493,9962,
18-Aug,2108,5413,30663,9777,3935,20918,8054,37172,9076,4187,5796,9229,2231,83292,2360,8365,6494,28699,1150,7436,6233,11507,24096,3728,11731,2948,7795,0,3056,686,14856,5402,13438,26855,17138,37964,7918,15491,24148,0,118,8560,2744,67492,10080,8773,9572,622,801,5834,10801,372053,97751,9943,3750,8328,0,9118,3150,1504,0,6093,7011,10893,41548,13317,44676,46602,5607,2520,4692,29312,6767,8321,
18-Sep,2340,5234,22368,9260,4081,19044,8668,33314,8213,3739,5289,8323,2601,34635,2446,7458,5621,23643,1710,6312,5045,7053,22980,2979,11749,2888,7323,0,2485,427,10543,4755,12658,21132,13172,34779,6950,14974,17898,0,59,7244,3800,63645,9661,7301,8585,662,2682,5220,10339,182753,173869,9079,2774,7082,0,7353,2641,3456,0,5621,4848,9913,38329,13512,36030,33045,5505,2521,4198,23817,5944,9237,
18-Oct,1899,6286,26720,9533,4313,20258,9685,35224,9269,4142,5786,8651,2790,59876,2460,7690,5508,21202,2551,6839,5335,7567,24582,3400,11418,3638,8625,0,3355,181,11734,4930,12333,29559,13708,38174,7234,14366,23080,0,120,7841,4069,62198,10977,8235,9675,1327,4469,5375,11459,237722,119658,9972,2144,7800,59,7741,3014,3940,0,6711,5335,10540,43276,14360,33746,41047,5387,2221,4133,25970,6173,9947,
18-Nov,1976,6675,28730,9230,4786,20598,8597,38038,9056,4441,6136,10304,2902,108886,2672,7184,5325,22157,2229,7054,5080,7927,30678,3426,11930,4305,8802,0,3093,547,12261,4733,12728,31530,15364,51374,7334,16293,28285,0,177,8271,3933,63681,13143,7355,9665,1577,3721,4923,12600,375303,182853,11202,2030,7745,59,8156,2944,3421,0,10051,4776,12166,47293,14697,47007,42204,6376,1837,6504,27705,6967,10917,
18-Dec,2410,6685,32288,10449,5654,24248,9275,37660,10210,4545,6824,13990,3624,213718,2435,7488,6851,27043,2766,7325,7885,9922,35511,3912,12936,5101,11381,0,2923,1811,15604,5733,14613,31876,18282,117714,8898,18925,29357,0,59,9333,3374,78013,13190,6930,10811,2016,4533,5530,14323,710608,267841,12383,2863,9084,0,8650,3098,4075,0,10220,5175,15681,53692,17942,83909,48614,6952,2410,11233,26428,7350,11541,
19-Jan,1823,5931,33759,10735,5206,29420,18713,36444,11054,4579,6546,15964,3703,161766,2875,7803,9726,29243,2356,7784,8273,9672,35549,4100,13242,4328,13714,0,2953,2551,15800,5523,14498,36490,21567,155770,8812,16178,31445,0,236,9198,2760,107474,13023,7362,11542,2626,4599,5919,12680,620864,242575,10020,2726,8783,0,9147,3090,2547,0,9986,5957,25468,59497,17262,90217,54172,5971,1936,12045,30860,7721,13046,
19-Feb,940,5044,38442,11127,4083,32512,18827,32110,11955,4580,6422,14323,2890,122339,2343,8284,7447,27808,2492,7893,8866,9076,33321,3394,13568,3783,15955,0,2688,2128,17816,5165,14769,56017,21795,134810,9030,17426,32200,0,65,9089,2736,120837,16367,7473,13549,2565,3100,5608,11531,463807,158269,11824,2522,9933,120,8174,3180,746,0,7623,6300,25688,62066,18281,50121,69621,5653,1500,7048,31490,8326,8924,
19-Mar,1537,4573,34645,10193,4330,30083,11121,37680,9271,7301,6593,14606,3963,79399,2220,9234,6045,26042,2046,6145,8032,8130,33850,3551,11671,3763,17393,0,2369,1365,13877,5256,12820,40784,16361,120361,8483,15025,30351,0,118,8579,4042,97545,12405,7171,10247,2069,3621,5503,13471,376493,100427,10724,2402,8841,0,6898,2700,2801,0,7471,5252,12298,48362,18680,35546,54224,5490,1980,5786,30045,7185,8354,
19-Apr,1418,4611,23631,9002,3406,24703,9147,32306,8337,5759,5512,10462,3636,62712,2221,7612,5569,22183,2289,4544,10780,6342,25969,2963,10201,3327,13228,0,1461,995,12421,4469,11332,26921,15342,164570,7877,27343,21572,0,120,7409,3237,54150,12369,6393,8860,1068,2923,5246,11264,290781,69063,9009,1698,8006,0,5965,2638,2973,0,6118,3778,10816,40960,15355,31460,40524,4614,2317,5491,24719,5110,7688,
19-May,1090,5547,20928,8692,3365,24383,8224,32976,8000,5166,5906,10071,4166,55977,2442,6984,5361,20737,3048,3996,10972,5942,24383,3177,9819,3456,14921,0,1179,604,10772,4774,11884,29915,15073,208267,6822,27090,16580,196776,238,7473,1950,63647,11008,6434,8437,756,2054,5297,11272,287801,59981,8957,1877,7676,0,5088,2322,2727,0,6122,4132,9411,42883,14365,31812,37632,4455,1690,5499,22204,4643,7280,
19-Jun,1370,4805,20368,8740,3767,20384,8123,32774,8200,4252,6159,8046,3841,49859,2884,5957,5242,19779,2297,2793,9377,6480,25084,3279,9791,3533,16626,0,1661,432,10688,4354,11708,28447,15630,77411,6555,29393,30472,25613,238,7171,1733,54400,9892,6226,7347,544,1529,5400,10561,255935,54901,8886,1356,6822,0,5595,2611,2110,0,4894,4333,9075,49766,13468,27746,36393,4362,2277,5111,20257,4055,7335,
19-Jul,0,5264,23518,9775,3218,18980,8384,30970,8588,4034,5925,7934,3784,66023,2955,5915,5422,22252,2515,3053,16044,8850,20916,3713,10571,3471,16292,0,1998,982,13039,4530,11805,30322,21402,164829,6460,33441,70287,15097,364,7476,2192,42015,10556,6656,7797,495,1401,6409,9442,403773,60502,10390,1484,7318,61,5889,2911,673,44984,5548,3962,9896,34843,12750,31392,44310,4589,1355,5826,29079,4436,7809,
19-Aug,59,5227,25138,9671,3434,19481,10311,32354,8266,3681,5549,7799,3262,46882,2475,6004,4997,22234,2468,3387,11088,6733,20980,3201,10811,2950,9809,0,2182,59,12898,4612,12474,41527,15140,152314,6253,43815,36353,11824,783,7687,2648,45494,10980,7135,7488,1099,1574,5711,9081,378255,64480,13561,2656,7282,0,5348,2645,1435,41474,6937,3978,9836,37828,13213,31357,47589,4422,675,4357,30595,4509,7044,
19-Sep,0,5265,20671,9199,2726,17321,7387,28342,7767,3310,4966,6920,3049,36311,2468,5920,4899,19688,2411,2342,12961,5833,16859,2853,9724,2695,8280,0,1506,118,9128,4171,10859,45182,10903,48003,5855,26394,23644,7977,1441,7222,2468,40410,9636,6827,6195,242,1904,4892,8742,277820,46445,11517,2325,6966,0,5050,1509,1150,29141,4275,3655,7904,35378,12287,30516,37856,4054,1556,3607,25074,3806,7681,
19-Oct,63,5931,22794,8801,3001,16648,5643,34778,8673,3306,5464,7268,3297,37291,2685,6256,4881,18211,3107,2172,7031,7193,18721,2921,9419,10105,9368,0,2357,177,9842,3834,10684,40426,12052,56850,5130,33707,16090,11574,723,7395,1929,39932,10104,7943,6964,424,1240,4805,9633,295559,46989,11451,3121,7603,59,5029,2555,551,28891,4330,3981,8339,40573,14177,30037,40536,3340,1122,3887,30628,3372,7951,
19-Nov,242,6662,24322,9042,3422,21192,6354,32436,8389,3367,5539,8862,4091,47060,2494,5644,4802,19001,3083,2145,8096,9847,21065,3317,9916,27009,8918,0,1947,177,10622,4160,11055,17871,12119,32537,4893,46882,10333,12550,1262,7472,1531,40567,9791,7759,7236,243,1129,4384,9964,395454,96873,12203,3799,7640,59,5494,2549,436,24427,8403,4113,8467,36819,15617,36136,40521,2876,236,5970,31208,3860,8540,
19-Dec,307,7276,29558,9676,3630,26572,7649,31326,9335,4094,5856,10754,3473,62168,2333,5889,5684,22752,2763,2479,6795,12830,25182,3065,11480,20031,8384,0,2245,0,12829,4034,13099,18141,15130,45532,5428,30422,11087,10686,1355,8273,1720,53457,11437,9472,7940,602,1789,4881,11516,546839,229718,9433,3969,8289,0,6201,2633,59,28942,12925,4087,10178,36947,16609,61005,42949,2493,426,12235,33702,7661,8117,
20-Jan,814,6370,25732,9905,3152,22376,9706,27990,9323,3818,5686,11508,3464,55396,1483,5390,5607,23421,1885,1653,5499,9519,22538,3008,11983,4357,6818,0,2563,61,12421,3519,12920,23314,13137,25863,4630,19715,16765,12116,970,6797,1614,47842,11279,9889,8498,746,2571,3966,8728,418227,174950,8584,3746,7723,59,5403,1479,118,27722,5256,4117,10196,34866,15426,60233,38386,2730,617,9241,27859,4228,4209,
20-Feb,1208,4660,11227,7181,903,12175,5135,22276,6261,4731,5885,7441,2193,14771,749,4952,3141,14634,428,422,6433,4736,10198,2388,8432,3276,3176,0,1246,177,6606,1417,9608,7934,7645,10478,551,7346,9059,4341,978,3853,59,37195,6238,6241,4922,181,1339,2516,3314,142336,43866,5645,1892,3813,0,3108,425,118,14664,750,3388,5028,32745,13375,40051,14933,244,122,6192,7899,2176,4912,
20-Mar,829,4965,10757,8390,1178,13747,5094,26090,7970,6755,6620,10114,3039,19925,815,7579,4062,17072,120,541,7305,4998,12242,1809,9015,2853,5238,0,2082,182,10038,2490,10633,10153,10565,19609,1194,9129,14151,4818,1544,5113,303,35510,7819,6141,6361,1245,2069,4197,5179,135837,33912,7387,2962,4855,0,4242,482,61,18060,2660,4232,6794,38383,13739,30229,19117,478,478,7376,9392,2988,5453,
20-Apr,419,5433,13283,7976,2331,15843,5326,24190,7883,6836,6061,9774,3320,26284,1983,8223,4140,17840,246,1034,7161,5642,12729,2213,8723,2314,5685,0,2093,120,13545,3576,10788,10343,10746,14629,3372,9888,13687,4421,1415,5619,427,43912,8513,6382,6152,717,2506,4369,7204,178699,34111,7393,3505,4734,59,4226,1291,177,22613,3153,3493,8729,39179,15182,27306,24716,792,360,11436,11679,3034,6890,
20-May,478,5483,15216,8950,2142,15348,4746,26218,7053,6408,5981,9122,3806,26825,1080,7561,3871,17295,738,1423,8455,5439,12826,2535,10405,2569,6301,0,2790,120,9245,3786,11990,11360,10726,15103,3852,12788,12434,4875,1432,5924,1167,43757,8481,6452,5483,541,2754,5088,8268,179451,34719,6637,3949,5464,177,4789,1230,362,22728,3902,4364,9491,50199,14489,22896,29580,1218,545,12455,13364,2970,7598,
20-Jun,360,5465,14517,10029,2948,17940,4858,27070,7023,4585,6762,7804,3653,30910,1563,6579,4376,20363,1106,2081,6837,5504,14631,2897,14459,3615,6558,0,2705,59,10137,3901,14112,12972,11022,29312,4306,17190,11423,5498,1399,4806,1654,54823,8392,6769,5714,1014,2652,5218,8775,193150,45733,6765,4141,5235,0,5314,2279,661,21324,3953,4833,11225,48364,14235,18641,33828,1753,788,10279,14258,2583,9080,
20-Jul,1042,6256,18760,10195,3849,31794,6075,29844,8071,4757,7199,7942,3833,38184,1235,6502,4881,22847,2187,2768,6247,6397,17741,2386,8839,2206,7600,0,3592,240,11343,4232,15257,14790,14674,36440,5083,43708,26491,9609,847,6670,2350,83372,9970,7290,6052,1041,1618,6146,9699,208358,41698,7188,4619,6453,0,6015,2931,849,39545,4258,5304,22281,36673,15691,22542,37709,3445,1359,8393,19746,3121,10839,
20-Aug,1023,6485,22461,10520,3398,27019,8358,29734,7905,4228,6815,7314,3433,49648,524,5938,4863,20691,2203,3202,7817,6553,18369,2102,8914,1925,11128,0,3707,118,10820,4255,15186,15800,14553,37824,5539,76798,34442,8389,356,6868,2088,74472,12036,7390,6316,911,800,6403,9963,259923,96867,7812,4561,7237,305,6042,1822,780,27618,4557,4890,26407,31956,15746,24369,38907,4042,862,8845,23987,3073,10386,
20-Sep,777,6357,20149,10207,3196,23604,7591,25266,7689,4206,5815,7613,3375,44464,1267,5581,5017,18959,2862,3768,5516,6118,18732,1917,9189,2054,23464,0,3369,118,11289,4262,14806,13732,14028,30955,5351,88773,37857,5798,1088,7199,1394,66739,10076,6835,5869,657,426,5264,10693,253505,52509,7338,3950,6609,59,5040,3660,594,21101,4660,4864,18270,33740,15160,23502,37583,3186,959,6526,20036,2883,10901,
20-Oct,603,8014,20664,10628,3538,28851,6423,25860,7874,4195,6433,8381,3732,59095,2193,6022,4793,22962,2909,4112,7181,6151,17666,2469,11194,3444,15314,0,3775,413,10546,4224,15184,15175,13352,33386,5132,68116,33045,4692,1310,6843,2071,62234,9013,7732,6610,1223,1047,4853,10777,518112,72994,7991,4125,7275,59,4986,2324,851,24567,5131,5006,16594,33397,16349,28983,36723,4058,966,12191,22574,3349,11229,
20-Nov,665,7620,22495,10826,3462,27861,6205,25760,7461,4385,6584,8993,3691,62809,1731,6163,4641,23402,3357,3853,6489,5974,20061,2318,11677,6024,9126,0,3720,423,11328,4131,16475,15112,13516,32448,5537,33966,32172,5560,1298,7193,1894,57693,6651,6982,6297,1033,1363,4904,11694,532003,61868,7622,4109,6841,0,4992,2141,967,19301,5069,5212,18190,33610,16949,28453,36896,3631,664,13301,25211,3157,12282,
20-Dec,911,8556,23689,11885,4213,29981,6990,27236,7369,4550,7474,10796,4035,86343,2210,6457,4945,26763,3411,4103,6612,6593,20751,2760,13912,7099,13163,0,3922,358,11981,4362,18433,17872,14593,37717,5729,34953,33436,6888,1990,7510,1858,53890,6605,7165,6426,1080,2122,5043,12591,750600,71987,8151,4261,7446,183,4737,2352,897,17343,5384,5555,18213,34509,18735,34832,39491,4090,608,19879,28398,3576,,
